Commit date/time,Total,Blank,Legal,Comment,Doc,Test,Wrap,Code,C++ (Total),C++ (Blank),C++ (Legal),C++ (Comment),C++ (Doc),C++ (Test),C++ (Wrap),C++ (Code),Python (Total),Python (Blank),Python (Legal),Python (Comment),Python (Doc),Python (Test),Python (Wrap),Python (Code),CMake (Total),CMake (Blank),CMake (Legal),CMake (Comment),CMake (Doc),CMake (Test),CMake (Wrap),CMake (Code),GLSL (Total),GLSL (Blank),GLSL (Legal),GLSL (Comment),GLSL (Doc),GLSL (Test),GLSL (Wrap),GLSL (Code),Qt Stylesheet (Total),Qt Stylesheet (Blank),Qt Stylesheet (Legal),Qt Stylesheet (Comment),Qt Stylesheet (Doc),Qt Stylesheet (Test),Qt Stylesheet (Wrap),Qt Stylesheet (Code)
2018-08-08T15:40:31+02:00,17008,2143,1887,1378,3896,715,388,6601,15203,1865,1752,1268,3896,0,365,6057,1015,160,135,20,0,700,0,0,347,38,0,51,0,15,23,220,19,4,0,0,0,0,0,15,424,76,0,39,0,0,0,309
2018-08-07T22:11:46+02:00,17016,2150,1887,1383,3893,715,388,6600,15211,1872,1752,1273,3893,0,365,6056,1015,160,135,20,0,700,0,0,347,38,0,51,0,15,23,220,19,4,0,0,0,0,0,15,424,76,0,39,0,0,0,309
2018-08-07T19:28:58+02:00,17010,2151,1887,1383,3892,715,388,6594,15205,1873,1752,1273,3892,0,365,6050,1015,160,135,20,0,700,0,0,347,38,0,51,0,15,23,220,19,4,0,0,0,0,0,15,424,76,0,39,0,0,0,309
2018-08-07T18:46:41+02:00,16868,2129,1887,1383,3819,715,381,6554,15063,1851,1752,1273,3819,0,358,6010,1015,160,135,20,0,700,0,0,347,38,0,51,0,15,23,220,19,4,0,0,0,0,0,15,424,76,0,39,0,0,0,309
2018-08-07T18:42:49+02:00,16868,2129,1887,1383,3819,715,381,6554,15063,1851,1752,1273,3819,0,358,6010,1015,160,135,20,0,700,0,0,347,38,0,51,0,15,23,220,19,4,0,0,0,0,0,15,424,76,0,39,0,0,0,309
2018-08-07T15:23:50+02:00,16804,2124,1887,1383,3770,715,380,6545,14999,1846,1752,1273,3770,0,357,6001,1015,160,135,20,0,700,0,0,347,38,0,51,0,15,23,220,19,4,0,0,0,0,0,15,424,76,0,39,0,0,0,309
2018-08-07T00:03:17+02:00,16521,2105,1887,1324,3770,715,380,6340,14716,1827,1752,1214,3770,0,357,5796,1015,160,135,20,0,700,0,0,347,38,0,51,0,15,23,220,19,4,0,0,0,0,0,15,424,76,0,39,0,0,0,309
2018-08-06T21:44:55+02:00,16522,2106,1887,1324,3770,715,380,6340,14717,1828,1752,1214,3770,0,357,5796,1015,160,135,20,0,700,0,0,347,38,0,51,0,15,23,220,19,4,0,0,0,0,0,15,424,76,0,39,0,0,0,309
2018-08-06T14:40:25+02:00,16389,2094,1887,1313,3770,715,380,6230,14584,1816,1752,1203,3770,0,357,5686,1015,160,135,20,0,700,0,0,347,38,0,51,0,15,23,220,19,4,0,0,0,0,0,15,424,76,0,39,0,0,0,309
2018-08-06T13:43:32+02:00,16360,2093,1887,1309,3768,715,380,6208,14555,1815,1752,1199,3768,0,357,5664,1015,160,135,20,0,700,0,0,347,38,0,51,0,15,23,220,19,4,0,0,0,0,0,15,424,76,0,39,0,0,0,309
2018-08-05T18:43:45+02:00,16335,2089,1887,1305,3763,715,380,6196,14530,1811,1752,1195,3763,0,357,5652,1015,160,135,20,0,700,0,0,347,38,0,51,0,15,23,220,19,4,0,0,0,0,0,15,424,76,0,39,0,0,0,309
2018-08-05T15:08:41+02:00,16104,2070,1857,1216,3726,715,380,6140,14301,1792,1722,1106,3726,0,357,5598,1015,160,135,20,0,700,0,0,345,38,0,51,0,15,23,218,19,4,0,0,0,0,0,15,424,76,0,39,0,0,0,309
2018-08-03T22:33:57+02:00,16089,2069,1857,1202,3726,715,380,6140,14286,1791,1722,1092,3726,0,357,5598,1015,160,135,20,0,700,0,0,345,38,0,51,0,15,23,218,19,4,0,0,0,0,0,15,424,76,0,39,0,0,0,309
2018-08-03T16:44:13+02:00,15844,2042,1857,1151,3723,710,379,5982,14048,1766,1722,1041,3723,0,356,5440,1008,158,135,20,0,695,0,0,345,38,0,51,0,15,23,218,19,4,0,0,0,0,0,15,424,76,0,39,0,0,0,309
2018-08-03T16:28:13+02:00,15829,2036,1857,1151,3722,710,379,5974,14033,1760,1722,1041,3722,0,356,5432,1008,158,135,20,0,695,0,0,345,38,0,51,0,15,23,218,19,4,0,0,0,0,0,15,424,76,0,39,0,0,0,309
2018-08-03T16:25:03+02:00,15829,2036,1857,1151,3722,710,379,5974,14033,1760,1722,1041,3722,0,356,5432,1008,158,135,20,0,695,0,0,345,38,0,51,0,15,23,218,19,4,0,0,0,0,0,15,424,76,0,39,0,0,0,309
2018-08-02T22:11:48+02:00,15830,2037,1857,1151,3722,710,379,5974,14034,1761,1722,1041,3722,0,356,5432,1008,158,135,20,0,695,0,0,345,38,0,51,0,15,23,218,19,4,0,0,0,0,0,15,424,76,0,39,0,0,0,309
2018-08-02T22:08:08+02:00,15831,2038,1857,1151,3722,710,379,5974,14034,1761,1722,1041,3722,0,356,5432,1009,159,135,20,0,695,0,0,345,38,0,51,0,15,23,218,19,4,0,0,0,0,0,15,424,76,0,39,0,0,0,309
2018-08-02T18:31:21+02:00,15691,2014,1857,1143,3697,658,377,5945,13967,1752,1722,1039,3697,0,354,5403,936,144,135,14,0,643,0,0,345,38,0,51,0,15,23,218,19,4,0,0,0,0,0,15,424,76,0,39,0,0,0,309
2018-08-02T18:15:53+02:00,15732,2020,1857,1147,3709,658,377,5964,14008,1758,1722,1043,3709,0,354,5422,936,144,135,14,0,643,0,0,345,38,0,51,0,15,23,218,19,4,0,0,0,0,0,15,424,76,0,39,0,0,0,309
2018-08-02T18:07:37+02:00,15732,2020,1857,1147,3709,658,377,5964,14008,1758,1722,1043,3709,0,354,5422,936,144,135,14,0,643,0,0,345,38,0,51,0,15,23,218,19,4,0,0,0,0,0,15,424,76,0,39,0,0,0,309
2018-08-02T17:02:03+02:00,15736,2021,1857,1147,3708,658,377,5968,14012,1759,1722,1043,3708,0,354,5426,936,144,135,14,0,643,0,0,345,38,0,51,0,15,23,218,19,4,0,0,0,0,0,15,424,76,0,39,0,0,0,309
2018-08-02T15:11:23+02:00,15731,2021,1857,1145,3705,658,377,5968,14007,1759,1722,1041,3705,0,354,5426,936,144,135,14,0,643,0,0,345,38,0,51,0,15,23,218,19,4,0,0,0,0,0,15,424,76,0,39,0,0,0,309
2018-08-02T15:09:36+02:00,15731,2021,1857,1145,3705,658,377,5968,14007,1759,1722,1041,3705,0,354,5426,936,144,135,14,0,643,0,0,345,38,0,51,0,15,23,218,19,4,0,0,0,0,0,15,424,76,0,39,0,0,0,309
2018-08-02T13:30:18+02:00,15731,2021,1857,1145,3705,658,377,5968,14007,1759,1722,1041,3705,0,354,5426,936,144,135,14,0,643,0,0,345,38,0,51,0,15,23,218,19,4,0,0,0,0,0,15,424,76,0,39,0,0,0,309
2018-08-02T13:18:44+02:00,15732,2021,1857,1145,3705,658,377,5969,14008,1759,1722,1041,3705,0,354,5427,936,144,135,14,0,643,0,0,345,38,0,51,0,15,23,218,19,4,0,0,0,0,0,15,424,76,0,39,0,0,0,309
2018-08-02T12:48:02+02:00,15713,2018,1857,1145,3709,658,377,5949,13989,1756,1722,1041,3709,0,354,5407,936,144,135,14,0,643,0,0,345,38,0,51,0,15,23,218,19,4,0,0,0,0,0,15,424,76,0,39,0,0,0,309
2018-08-02T12:44:32+02:00,15713,2018,1857,1145,3709,658,377,5949,13989,1756,1722,1041,3709,0,354,5407,936,144,135,14,0,643,0,0,345,38,0,51,0,15,23,218,19,4,0,0,0,0,0,15,424,76,0,39,0,0,0,309
2018-08-01T22:50:39+02:00,15713,2018,1857,1145,3709,658,377,5949,13989,1756,1722,1041,3709,0,354,5407,936,144,135,14,0,643,0,0,345,38,0,51,0,15,23,218,19,4,0,0,0,0,0,15,424,76,0,39,0,0,0,309
2018-08-01T22:45:45+02:00,15750,2023,1857,1145,3728,659,378,5960,14025,1761,1722,1041,3728,0,355,5418,937,144,135,14,0,644,0,0,345,38,0,51,0,15,23,218,19,4,0,0,0,0,0,15,424,76,0,39,0,0,0,309
2018-08-01T22:06:17+02:00,15744,2022,1857,1144,3728,655,378,5960,14025,1761,1722,1041,3728,0,355,5418,931,143,135,13,0,640,0,0,345,38,0,51,0,15,23,218,19,4,0,0,0,0,0,15,424,76,0,39,0,0,0,309
2018-08-01T19:33:06+02:00,15603,2010,1857,1148,3709,587,376,5916,13957,1753,1722,1046,3709,0,353,5374,858,139,135,12,0,572,0,0,345,38,0,51,0,15,23,218,19,4,0,0,0,0,0,15,424,76,0,39,0,0,0,309
2018-08-01T15:45:07+02:00,15589,2010,1857,1148,3709,578,371,5916,13952,1753,1722,1046,3709,0,348,5374,849,139,135,12,0,563,0,0,345,38,0,51,0,15,23,218,19,4,0,0,0,0,0,15,424,76,0,39,0,0,0,309
2018-08-01T15:10:25+02:00,15588,2010,1857,1148,3709,578,370,5916,13951,1753,1722,1046,3709,0,347,5374,849,139,135,12,0,563,0,0,345,38,0,51,0,15,23,218,19,4,0,0,0,0,0,15,424,76,0,39,0,0,0,309
2018-08-01T15:07:37+02:00,15588,2010,1857,1148,3709,578,370,5916,13951,1753,1722,1046,3709,0,347,5374,849,139,135,12,0,563,0,0,345,38,0,51,0,15,23,218,19,4,0,0,0,0,0,15,424,76,0,39,0,0,0,309
2018-08-01T15:05:17+02:00,15588,2010,1857,1148,3709,578,370,5916,13951,1753,1722,1046,3709,0,347,5374,849,139,135,12,0,563,0,0,345,38,0,51,0,15,23,218,19,4,0,0,0,0,0,15,424,76,0,39,0,0,0,309
2018-08-01T15:02:34+02:00,15580,2008,1857,1148,3703,578,370,5916,13943,1751,1722,1046,3703,0,347,5374,849,139,135,12,0,563,0,0,345,38,0,51,0,15,23,218,19,4,0,0,0,0,0,15,424,76,0,39,0,0,0,309
2018-08-01T14:03:02+02:00,15520,1988,1857,1148,3691,578,370,5888,13883,1731,1722,1046,3691,0,347,5346,849,139,135,12,0,563,0,0,345,38,0,51,0,15,23,218,19,4,0,0,0,0,0,15,424,76,0,39,0,0,0,309
2018-08-01T13:05:42+02:00,15494,1986,1842,1148,3691,578,361,5888,13858,1729,1707,1046,3691,0,339,5346,849,139,135,12,0,563,0,0,344,38,0,51,0,15,22,218,19,4,0,0,0,0,0,15,424,76,0,39,0,0,0,309
2018-07-24T18:25:54+02:00,15384,1986,1842,1148,3581,578,361,5888,13748,1729,1707,1046,3581,0,339,5346,849,139,135,12,0,563,0,0,344,38,0,51,0,15,22,218,19,4,0,0,0,0,0,15,424,76,0,39,0,0,0,309
2018-07-24T01:26:39+02:00,15358,1984,1827,1148,3581,578,352,5888,13723,1727,1692,1046,3581,0,331,5346,849,139,135,12,0,563,0,0,343,38,0,51,0,15,21,218,19,4,0,0,0,0,0,15,424,76,0,39,0,0,0,309
2018-07-23T13:26:21+02:00,15164,1965,1827,1144,3508,562,352,5806,13550,1713,1692,1042,3508,0,331,5264,828,134,135,12,0,547,0,0,343,38,0,51,0,15,21,218,19,4,0,0,0,0,0,15,424,76,0,39,0,0,0,309
2018-07-23T00:16:50+02:00,15164,1965,1827,1144,3508,562,352,5806,13550,1713,1692,1042,3508,0,331,5264,828,134,135,12,0,547,0,0,343,38,0,51,0,15,21,218,19,4,0,0,0,0,0,15,424,76,0,39,0,0,0,309
2018-07-23T00:05:45+02:00,15163,1965,1827,1144,3507,562,352,5806,13549,1713,1692,1042,3507,0,331,5264,828,134,135,12,0,547,0,0,343,38,0,51,0,15,21,218,19,4,0,0,0,0,0,15,424,76,0,39,0,0,0,309
2018-07-22T23:42:36+02:00,15161,1965,1827,1144,3507,562,352,5804,13549,1713,1692,1042,3507,0,331,5264,828,134,135,12,0,547,0,0,341,38,0,51,0,15,21,216,19,4,0,0,0,0,0,15,424,76,0,39,0,0,0,309
2018-07-22T23:31:20+02:00,15153,1964,1827,1144,3504,562,352,5800,13541,1712,1692,1042,3504,0,331,5260,828,134,135,12,0,547,0,0,341,38,0,51,0,15,21,216,19,4,0,0,0,0,0,15,424,76,0,39,0,0,0,309
2018-07-21T17:23:27+02:00,15104,1964,1827,1144,3455,562,352,5800,13492,1712,1692,1042,3455,0,331,5260,828,134,135,12,0,547,0,0,341,38,0,51,0,15,21,216,19,4,0,0,0,0,0,15,424,76,0,39,0,0,0,309
2018-07-21T13:19:21+02:00,15001,1954,1797,1144,3414,562,352,5778,13389,1702,1662,1042,3414,0,331,5238,828,134,135,12,0,547,0,0,341,38,0,51,0,15,21,216,19,4,0,0,0,0,0,15,424,76,0,39,0,0,0,309
2018-07-20T18:49:47+02:00,15001,1954,1797,1144,3414,562,352,5778,13389,1702,1662,1042,3414,0,331,5238,828,134,135,12,0,547,0,0,341,38,0,51,0,15,21,216,19,4,0,0,0,0,0,15,424,76,0,39,0,0,0,309
2018-07-20T17:22:31+02:00,15008,1954,1797,1142,3414,562,352,5787,13396,1702,1662,1040,3414,0,331,5247,828,134,135,12,0,547,0,0,341,38,0,51,0,15,21,216,19,4,0,0,0,0,0,15,424,76,0,39,0,0,0,309
2018-07-20T17:09:14+02:00,15015,1954,1797,1140,3414,562,352,5796,13403,1702,1662,1038,3414,0,331,5256,828,134,135,12,0,547,0,0,341,38,0,51,0,15,21,216,19,4,0,0,0,0,0,15,424,76,0,39,0,0,0,309
2018-07-20T12:38:51+02:00,15009,1957,1797,1147,3411,562,352,5783,13397,1705,1662,1045,3411,0,331,5243,828,134,135,12,0,547,0,0,341,38,0,51,0,15,21,216,19,4,0,0,0,0,0,15,424,76,0,39,0,0,0,309
2018-07-19T23:24:32+02:00,15048,1962,1797,1162,3411,562,352,5802,13436,1710,1662,1060,3411,0,331,5262,828,134,135,12,0,547,0,0,341,38,0,51,0,15,21,216,19,4,0,0,0,0,0,15,424,76,0,39,0,0,0,309
2018-07-19T23:18:00+02:00,15048,1962,1797,1162,3411,562,352,5802,13436,1710,1662,1060,3411,0,331,5262,828,134,135,12,0,547,0,0,341,38,0,51,0,15,21,216,19,4,0,0,0,0,0,15,424,76,0,39,0,0,0,309
2018-07-19T23:17:29+02:00,15048,1962,1797,1162,3411,562,352,5802,13436,1710,1662,1060,3411,0,331,5262,828,134,135,12,0,547,0,0,341,38,0,51,0,15,21,216,19,4,0,0,0,0,0,15,424,76,0,39,0,0,0,309
2018-07-19T23:10:10+02:00,15040,1961,1797,1162,3411,555,351,5803,13436,1710,1662,1060,3411,0,330,5263,820,133,135,12,0,540,0,0,341,38,0,51,0,15,21,216,19,4,0,0,0,0,0,15,424,76,0,39,0,0,0,309
2018-07-19T21:56:04+02:00,15039,1961,1797,1162,3411,555,351,5802,13435,1710,1662,1060,3411,0,330,5262,820,133,135,12,0,540,0,0,341,38,0,51,0,15,21,216,19,4,0,0,0,0,0,15,424,76,0,39,0,0,0,309
2018-07-19T21:54:24+02:00,15021,1959,1797,1163,3406,549,351,5796,13425,1710,1662,1061,3406,0,330,5256,812,131,135,12,0,534,0,0,341,38,0,51,0,15,21,216,19,4,0,0,0,0,0,15,424,76,0,39,0,0,0,309
2018-07-19T17:07:59+02:00,14854,1936,1797,1137,3387,508,350,5739,13306,1694,1662,1035,3387,0,329,5199,764,124,135,12,0,493,0,0,341,38,0,51,0,15,21,216,19,4,0,0,0,0,0,15,424,76,0,39,0,0,0,309
2018-07-19T17:04:29+02:00,14854,1936,1797,1137,3387,508,350,5739,13306,1694,1662,1035,3387,0,329,5199,764,124,135,12,0,493,0,0,341,38,0,51,0,15,21,216,19,4,0,0,0,0,0,15,424,76,0,39,0,0,0,309
2018-07-18T18:45:47+02:00,14675,1897,1797,1132,3367,453,348,5681,13193,1666,1662,1030,3367,0,327,5141,698,113,135,12,0,438,0,0,341,38,0,51,0,15,21,216,19,4,0,0,0,0,0,15,424,76,0,39,0,0,0,309
2018-07-18T18:42:25+02:00,14675,1897,1797,1132,3367,453,348,5681,13193,1666,1662,1030,3367,0,327,5141,698,113,135,12,0,438,0,0,341,38,0,51,0,15,21,216,19,4,0,0,0,0,0,15,424,76,0,39,0,0,0,309
2018-07-16T18:29:39+02:00,14862,1930,1917,1099,3337,469,388,5722,13328,1688,1767,997,3337,0,362,5177,738,123,150,12,0,453,0,0,353,39,0,51,0,16,26,221,19,4,0,0,0,0,0,15,424,76,0,39,0,0,0,309
2018-07-16T18:06:24+02:00,14860,1930,1917,1099,3337,469,388,5720,13328,1688,1767,997,3337,0,362,5177,738,123,150,12,0,453,0,0,351,39,0,51,0,16,26,219,19,4,0,0,0,0,0,15,424,76,0,39,0,0,0,309
2018-07-16T14:26:59+02:00,14745,1914,1887,1097,3315,469,388,5675,13213,1672,1737,995,3315,0,362,5132,738,123,150,12,0,453,0,0,351,39,0,51,0,16,26,219,19,4,0,0,0,0,0,15,424,76,0,39,0,0,0,309
2018-07-15T22:39:25+02:00,14796,1915,1887,1141,3320,469,389,5675,13264,1673,1737,1039,3320,0,363,5132,738,123,150,12,0,453,0,0,351,39,0,51,0,16,26,219,19,4,0,0,0,0,0,15,424,76,0,39,0,0,0,309
2018-07-15T21:27:49+02:00,14770,1916,1887,1140,3315,469,389,5654,13238,1674,1737,1038,3315,0,363,5111,738,123,150,12,0,453,0,0,351,39,0,51,0,16,26,219,19,4,0,0,0,0,0,15,424,76,0,39,0,0,0,309
2018-07-06T00:45:30+02:00,14774,1916,1887,1140,3319,469,389,5654,13242,1674,1737,1038,3319,0,363,5111,738,123,150,12,0,453,0,0,351,39,0,51,0,16,26,219,19,4,0,0,0,0,0,15,424,76,0,39,0,0,0,309
2018-07-06T00:04:34+02:00,14755,1916,1887,1121,3319,469,389,5654,13223,1674,1737,1019,3319,0,363,5111,738,123,150,12,0,453,0,0,351,39,0,51,0,16,26,219,19,4,0,0,0,0,0,15,424,76,0,39,0,0,0,309
2018-07-05T23:14:02+02:00,14726,1908,1887,1121,3319,449,388,5654,13222,1674,1737,1019,3319,0,362,5111,710,115,150,12,0,433,0,0,351,39,0,51,0,16,26,219,19,4,0,0,0,0,0,15,424,76,0,39,0,0,0,309
2018-07-05T22:19:14+02:00,14721,1908,1887,1121,3319,446,386,5654,13220,1674,1737,1019,3319,0,360,5111,707,115,150,12,0,430,0,0,351,39,0,51,0,16,26,219,19,4,0,0,0,0,0,15,424,76,0,39,0,0,0,309
2018-07-05T21:18:32+02:00,14703,1904,1887,1121,3319,434,384,5654,13218,1674,1737,1019,3319,0,358,5111,691,111,150,12,0,418,0,0,351,39,0,51,0,16,26,219,19,4,0,0,0,0,0,15,424,76,0,39,0,0,0,309
2018-07-05T19:47:26+02:00,14661,1899,1887,1120,3319,419,363,5654,13193,1671,1737,1018,3319,0,337,5111,674,109,150,12,0,403,0,0,351,39,0,51,0,16,26,219,19,4,0,0,0,0,0,15,424,76,0,39,0,0,0,309
2018-07-05T18:34:13+02:00,14661,1899,1887,1120,3319,419,363,5654,13193,1671,1737,1018,3319,0,337,5111,674,109,150,12,0,403,0,0,351,39,0,51,0,16,26,219,19,4,0,0,0,0,0,15,424,76,0,39,0,0,0,309
2018-07-05T18:33:17+02:00,14626,1895,1887,1120,3319,392,359,5654,13189,1671,1737,1018,3319,0,333,5111,643,105,150,12,0,376,0,0,351,39,0,51,0,16,26,219,19,4,0,0,0,0,0,15,424,76,0,39,0,0,0,309
2018-07-05T18:04:31+02:00,14626,1895,1887,1120,3319,392,359,5654,13189,1671,1737,1018,3319,0,333,5111,643,105,150,12,0,376,0,0,351,39,0,51,0,16,26,219,19,4,0,0,0,0,0,15,424,76,0,39,0,0,0,309
2018-07-05T17:56:38+02:00,14626,1895,1887,1120,3319,392,359,5654,13189,1671,1737,1018,3319,0,333,5111,643,105,150,12,0,376,0,0,351,39,0,51,0,16,26,219,19,4,0,0,0,0,0,15,424,76,0,39,0,0,0,309
2018-07-05T17:55:57+02:00,14617,1893,1887,1120,3319,386,358,5654,13188,1671,1737,1018,3319,0,332,5111,635,103,150,12,0,370,0,0,351,39,0,51,0,16,26,219,19,4,0,0,0,0,0,15,424,76,0,39,0,0,0,309
2018-07-05T15:49:49+02:00,14617,1893,1887,1120,3319,386,358,5654,13188,1671,1737,1018,3319,0,332,5111,635,103,150,12,0,370,0,0,351,39,0,51,0,16,26,219,19,4,0,0,0,0,0,15,424,76,0,39,0,0,0,309
2018-07-04T21:24:45+02:00,14500,1883,1857,1120,3267,378,342,5653,13103,1667,1722,1019,3267,0,318,5110,606,97,135,11,0,363,0,0,348,39,0,51,0,15,24,219,19,4,0,0,0,0,0,15,424,76,0,39,0,0,0,309
2018-07-04T20:20:32+02:00,14445,1878,1842,1092,3267,378,335,5653,13048,1662,1707,991,3267,0,311,5110,606,97,135,11,0,363,0,0,348,39,0,51,0,15,24,219,19,4,0,0,0,0,0,15,424,76,0,39,0,0,0,309
2018-07-03T23:46:16+02:00,14427,1877,1842,1090,3263,378,335,5642,13053,1662,1707,1007,3263,0,311,5103,606,97,135,11,0,363,0,0,325,38,0,33,0,15,24,215,19,4,0,0,0,0,0,15,424,76,0,39,0,0,0,309
2018-07-03T23:37:04+02:00,14313,1857,1812,1088,3263,349,302,5642,12996,1653,1692,1006,3263,0,279,5103,551,86,120,10,0,335,0,0,323,38,0,33,0,14,23,215,19,4,0,0,0,0,0,15,424,76,0,39,0,0,0,309
2018-07-03T23:09:16+02:00,14300,1855,1812,1088,3263,341,299,5642,12993,1653,1692,1006,3263,0,276,5103,541,84,120,10,0,327,0,0,323,38,0,33,0,14,23,215,19,4,0,0,0,0,0,15,424,76,0,39,0,0,0,309
2018-07-03T21:22:55+02:00,14169,1834,1782,1062,3263,312,274,5642,12919,1643,1677,981,3263,0,252,5103,486,73,105,9,0,299,0,0,321,38,0,33,0,13,22,215,19,4,0,0,0,0,0,15,424,76,0,39,0,0,0,309
2018-07-03T18:14:11+02:00,14166,1834,1782,1059,3263,312,274,5642,12916,1643,1677,978,3263,0,252,5103,486,73,105,9,0,299,0,0,321,38,0,33,0,13,22,215,19,4,0,0,0,0,0,15,424,76,0,39,0,0,0,309
2018-07-03T14:13:12+02:00,14156,1833,1782,1050,3263,312,274,5642,12906,1642,1677,969,3263,0,252,5103,486,73,105,9,0,299,0,0,321,38,0,33,0,13,22,215,19,4,0,0,0,0,0,15,424,76,0,39,0,0,0,309
2018-07-02T18:33:23+02:00,14126,1832,1782,1021,3263,312,274,5642,12876,1641,1677,940,3263,0,252,5103,486,73,105,9,0,299,0,0,321,38,0,33,0,13,22,215,19,4,0,0,0,0,0,15,424,76,0,39,0,0,0,309
2018-07-02T15:17:53+02:00,14131,1832,1782,1021,3263,312,274,5647,12881,1641,1677,940,3263,0,252,5108,486,73,105,9,0,299,0,0,321,38,0,33,0,13,22,215,19,4,0,0,0,0,0,15,424,76,0,39,0,0,0,309
2018-07-02T15:13:15+02:00,13924,1810,1752,1018,3263,203,231,5647,12814,1632,1662,939,3263,0,210,5108,348,60,90,7,0,191,0,0,319,38,0,33,0,12,21,215,19,4,0,0,0,0,0,15,424,76,0,39,0,0,0,309
2018-07-02T13:02:39+02:00,13869,1804,1752,1018,3247,203,231,5614,12759,1626,1662,939,3247,0,210,5075,348,60,90,7,0,191,0,0,319,38,0,33,0,12,21,215,19,4,0,0,0,0,0,15,424,76,0,39,0,0,0,309
2018-07-01T19:59:58+02:00,13871,1804,1752,1018,3249,203,231,5614,12761,1626,1662,939,3249,0,210,5075,348,60,90,7,0,191,0,0,319,38,0,33,0,12,21,215,19,4,0,0,0,0,0,15,424,76,0,39,0,0,0,309
2018-07-01T19:52:59+02:00,13870,1804,1752,1019,3249,201,231,5614,12760,1626,1662,938,3249,0,210,5075,348,60,90,9,0,189,0,0,319,38,0,33,0,12,21,215,19,4,0,0,0,0,0,15,424,76,0,39,0,0,0,309
2018-07-01T18:50:09+02:00,13847,1803,1752,1022,3249,182,225,5614,12754,1626,1662,938,3249,0,204,5075,331,59,90,12,0,170,0,0,319,38,0,33,0,12,21,215,19,4,0,0,0,0,0,15,424,76,0,39,0,0,0,309
2018-07-01T18:47:46+02:00,13846,1803,1752,1022,3249,182,224,5614,12753,1626,1662,938,3249,0,203,5075,331,59,90,12,0,170,0,0,319,38,0,33,0,12,21,215,19,4,0,0,0,0,0,15,424,76,0,39,0,0,0,309
2018-06-29T22:01:23+02:00,13714,1786,1737,1015,3249,90,224,5613,12753,1626,1662,938,3249,0,203,5075,204,42,75,5,0,82,0,0,314,38,0,33,0,8,21,214,19,4,0,0,0,0,0,15,424,76,0,39,0,0,0,309
2018-06-29T21:59:10+02:00,13714,1786,1737,1015,3249,90,224,5613,12753,1626,1662,938,3249,0,203,5075,204,42,75,5,0,82,0,0,314,38,0,33,0,8,21,214,19,4,0,0,0,0,0,15,424,76,0,39,0,0,0,309
2018-06-29T21:24:42+02:00,13693,1783,1737,1015,3249,73,223,5613,12752,1626,1662,938,3249,0,202,5075,184,39,75,5,0,65,0,0,314,38,0,33,0,8,21,214,19,4,0,0,0,0,0,15,424,76,0,39,0,0,0,309
2018-06-29T21:18:39+02:00,13607,1767,1707,1015,3249,55,201,5613,12710,1619,1647,939,3249,0,181,5075,142,30,60,4,0,48,0,0,312,38,0,33,0,7,20,214,19,4,0,0,0,0,0,15,424,76,0,39,0,0,0,309
2018-06-28T16:48:09+02:00,13607,1767,1707,1015,3249,55,201,5613,12710,1619,1647,939,3249,0,181,5075,142,30,60,4,0,48,0,0,312,38,0,33,0,7,20,214,19,4,0,0,0,0,0,15,424,76,0,39,0,0,0,309
2018-06-28T12:41:41+02:00,13600,1766,1707,1015,3249,51,199,5613,12708,1619,1647,939,3249,0,179,5075,137,29,60,4,0,44,0,0,312,38,0,33,0,7,20,214,19,4,0,0,0,0,0,15,424,76,0,39,0,0,0,309
2018-06-28T12:34:58+02:00,13599,1765,1707,1015,3249,51,199,5613,12707,1618,1647,939,3249,0,179,5075,137,29,60,4,0,44,0,0,312,38,0,33,0,7,20,214,19,4,0,0,0,0,0,15,424,76,0,39,0,0,0,309
2018-06-28T12:10:58+02:00,13597,1765,1707,1015,3249,50,198,5613,12706,1618,1647,939,3249,0,178,5075,136,29,60,4,0,43,0,0,312,38,0,33,0,7,20,214,19,4,0,0,0,0,0,15,424,76,0,39,0,0,0,309
2018-06-28T11:56:04+02:00,13592,1764,1707,1015,3249,47,197,5613,12705,1618,1647,939,3249,0,177,5075,132,28,60,4,0,40,0,0,312,38,0,33,0,7,20,214,19,4,0,0,0,0,0,15,424,76,0,39,0,0,0,309
2018-06-28T11:38:45+02:00,13517,1751,1677,1014,3247,39,182,5607,12661,1611,1632,939,3247,0,163,5069,103,22,45,3,0,33,0,0,310,38,0,33,0,6,19,214,19,4,0,0,0,0,0,15,424,76,0,39,0,0,0,309
2018-06-21T22:37:36+02:00,13453,1741,1647,1013,3247,31,167,5607,12628,1607,1617,939,3247,0,149,5069,74,16,30,2,0,26,0,0,308,38,0,33,0,5,18,214,19,4,0,0,0,0,0,15,424,76,0,39,0,0,0,309
2018-06-21T15:28:56+02:00,13453,1741,1647,1013,3247,31,167,5607,12628,1607,1617,939,3247,0,149,5069,74,16,30,2,0,26,0,0,308,38,0,33,0,5,18,214,19,4,0,0,0,0,0,15,424,76,0,39,0,0,0,309
2018-06-21T15:17:45+02:00,13442,1738,1647,1011,3247,28,164,5607,12621,1605,1617,937,3247,0,146,5069,70,15,30,2,0,23,0,0,308,38,0,33,0,5,18,214,19,4,0,0,0,0,0,15,424,76,0,39,0,0,0,309
2018-06-21T15:13:35+02:00,13442,1738,1647,1011,3247,28,164,5607,12621,1605,1617,937,3247,0,146,5069,70,15,30,2,0,23,0,0,308,38,0,33,0,5,18,214,19,4,0,0,0,0,0,15,424,76,0,39,0,0,0,309
2018-06-21T15:01:38+02:00,13442,1738,1647,1011,3247,28,164,5607,12621,1605,1617,937,3247,0,146,5069,70,15,30,2,0,23,0,0,308,38,0,33,0,5,18,214,19,4,0,0,0,0,0,15,424,76,0,39,0,0,0,309
2018-06-20T15:05:41+02:00,13442,1738,1647,1011,3247,28,164,5607,12621,1605,1617,937,3247,0,146,5069,70,15,30,2,0,23,0,0,308,38,0,33,0,5,18,214,19,4,0,0,0,0,0,15,424,76,0,39,0,0,0,309
2018-06-20T14:53:48+02:00,13442,1738,1647,1011,3247,28,164,5607,12621,1605,1617,937,3247,0,146,5069,70,15,30,2,0,23,0,0,308,38,0,33,0,5,18,214,19,4,0,0,0,0,0,15,424,76,0,39,0,0,0,309
2018-06-20T14:46:11+02:00,13440,1737,1647,1011,3247,27,164,5607,12621,1605,1617,937,3247,0,146,5069,68,14,30,2,0,22,0,0,308,38,0,33,0,5,18,214,19,4,0,0,0,0,0,15,424,76,0,39,0,0,0,309
2018-06-20T14:31:19+02:00,13440,1737,1647,1025,3233,27,164,5607,12621,1605,1617,951,3233,0,146,5069,68,14,30,2,0,22,0,0,308,38,0,33,0,5,18,214,19,4,0,0,0,0,0,15,424,76,0,39,0,0,0,309
2018-06-20T14:26:32+02:00,13420,1737,1617,1035,3233,27,164,5607,12621,1605,1617,951,3233,0,146,5069,48,14,0,12,0,22,0,0,308,38,0,33,0,5,18,214,19,4,0,0,0,0,0,15,424,76,0,39,0,0,0,309
2018-06-20T14:24:43+02:00,13421,1737,1617,1035,3233,28,164,5607,12621,1605,1617,951,3233,0,146,5069,49,14,0,12,0,23,0,0,308,38,0,33,0,5,18,214,19,4,0,0,0,0,0,15,424,76,0,39,0,0,0,309
2018-06-20T14:15:00+02:00,13427,1738,1617,1035,3233,33,164,5607,12621,1605,1617,951,3233,0,146,5069,55,15,0,12,0,28,0,0,308,38,0,33,0,5,18,214,19,4,0,0,0,0,0,15,424,76,0,39,0,0,0,309
2018-06-20T12:52:56+02:00,13410,1735,1617,1035,3233,26,157,5607,12613,1604,1617,951,3233,0,139,5069,46,13,0,12,0,21,0,0,308,38,0,33,0,5,18,214,19,4,0,0,0,0,0,15,424,76,0,39,0,0,0,309
2018-06-19T21:21:45+02:00,13440,1739,1617,1042,3233,45,157,5607,12613,1604,1617,951,3233,0,139,5069,46,13,0,12,0,21,0,0,338,42,0,40,0,24,18,214,19,4,0,0,0,0,0,15,424,76,0,39,0,0,0,309
2018-06-19T21:17:33+02:00,13440,1739,1617,1042,3233,45,157,5607,12613,1604,1617,951,3233,0,139,5069,46,13,0,12,0,21,0,0,338,42,0,40,0,24,18,214,19,4,0,0,0,0,0,15,424,76,0,39,0,0,0,309
2018-06-19T21:02:24+02:00,13440,1739,1617,1042,3233,45,157,5607,12613,1604,1617,951,3233,0,139,5069,46,13,0,12,0,21,0,0,338,42,0,40,0,24,18,214,19,4,0,0,0,0,0,15,424,76,0,39,0,0,0,309
2018-06-19T21:01:12+02:00,13440,1739,1617,1042,3233,45,157,5607,12613,1604,1617,951,3233,0,139,5069,46,13,0,12,0,21,0,0,338,42,0,40,0,24,18,214,19,4,0,0,0,0,0,15,424,76,0,39,0,0,0,309
2018-06-19T20:54:06+02:00,13440,1739,1617,1042,3233,45,157,5607,12613,1604,1617,951,3233,0,139,5069,46,13,0,12,0,21,0,0,338,42,0,40,0,24,18,214,19,4,0,0,0,0,0,15,424,76,0,39,0,0,0,309
2018-06-19T20:29:44+02:00,13440,1739,1617,1042,3233,45,157,5607,12613,1604,1617,951,3233,0,139,5069,46,13,0,12,0,21,0,0,338,42,0,40,0,24,18,214,19,4,0,0,0,0,0,15,424,76,0,39,0,0,0,309
2018-06-19T20:27:08+02:00,13440,1739,1617,1042,3233,45,157,5607,12613,1604,1617,951,3233,0,139,5069,46,13,0,12,0,21,0,0,338,42,0,40,0,24,18,214,19,4,0,0,0,0,0,15,424,76,0,39,0,0,0,309
2018-06-19T19:47:52+02:00,13440,1739,1617,1042,3233,45,157,5607,12613,1604,1617,951,3233,0,139,5069,46,13,0,12,0,21,0,0,338,42,0,40,0,24,18,214,19,4,0,0,0,0,0,15,424,76,0,39,0,0,0,309
2018-06-19T19:22:33+02:00,13440,1739,1617,1042,3233,45,157,5607,12613,1604,1617,951,3233,0,139,5069,46,13,0,12,0,21,0,0,338,42,0,40,0,24,18,214,19,4,0,0,0,0,0,15,424,76,0,39,0,0,0,309
2018-06-19T18:46:38+02:00,13440,1739,1617,1042,3233,45,157,5607,12613,1604,1617,951,3233,0,139,5069,46,13,0,12,0,21,0,0,338,42,0,40,0,24,18,214,19,4,0,0,0,0,0,15,424,76,0,39,0,0,0,309
2018-06-19T18:37:09+02:00,13440,1739,1617,1042,3233,45,157,5607,12613,1604,1617,951,3233,0,139,5069,46,13,0,12,0,21,0,0,338,42,0,40,0,24,18,214,19,4,0,0,0,0,0,15,424,76,0,39,0,0,0,309
2018-06-19T15:12:11+02:00,13440,1739,1617,1042,3233,45,157,5607,12613,1604,1617,951,3233,0,139,5069,46,13,0,12,0,21,0,0,338,42,0,40,0,24,18,214,19,4,0,0,0,0,0,15,424,76,0,39,0,0,0,309
2018-06-18T17:38:26+02:00,13394,1733,1617,1029,3233,21,157,5604,12613,1604,1617,951,3233,0,139,5069,46,13,0,12,0,21,0,0,292,36,0,27,0,0,18,211,19,4,0,0,0,0,0,15,424,76,0,39,0,0,0,309
2018-06-18T17:35:05+02:00,13378,1728,1617,1029,3233,10,157,5604,12613,1604,1617,951,3233,0,139,5069,30,8,0,12,0,10,0,0,292,36,0,27,0,0,18,211,19,4,0,0,0,0,0,15,424,76,0,39,0,0,0,309
2018-06-18T17:09:39+02:00,13378,1728,1617,1029,3233,10,157,5604,12613,1604,1617,951,3233,0,139,5069,30,8,0,12,0,10,0,0,292,36,0,27,0,0,18,211,19,4,0,0,0,0,0,15,424,76,0,39,0,0,0,309
2018-06-18T17:07:58+02:00,13378,1728,1617,1029,3233,10,157,5604,12613,1604,1617,951,3233,0,139,5069,30,8,0,12,0,10,0,0,292,36,0,27,0,0,18,211,19,4,0,0,0,0,0,15,424,76,0,39,0,0,0,309
2018-06-18T15:19:06+02:00,13327,1720,1602,1023,3233,2,143,5604,12582,1601,1602,951,3233,0,126,5069,11,3,0,6,0,2,0,0,291,36,0,27,0,0,17,211,19,4,0,0,0,0,0,15,424,76,0,39,0,0,0,309
2018-06-17T18:48:58+02:00,13316,1717,1602,1017,3233,0,143,5604,12582,1601,1602,951,3233,0,126,5069,0,0,0,0,0,0,0,0,291,36,0,27,0,0,17,211,19,4,0,0,0,0,0,15,424,76,0,39,0,0,0,309
2018-06-17T17:38:11+02:00,13361,1725,1602,1054,3233,0,143,5604,12627,1609,1602,988,3233,0,126,5069,0,0,0,0,0,0,0,0,291,36,0,27,0,0,17,211,19,4,0,0,0,0,0,15,424,76,0,39,0,0,0,309
2018-06-17T17:34:47+02:00,13361,1725,1602,1054,3233,0,143,5604,12627,1609,1602,988,3233,0,126,5069,0,0,0,0,0,0,0,0,291,36,0,27,0,0,17,211,19,4,0,0,0,0,0,15,424,76,0,39,0,0,0,309
2018-06-17T17:31:10+02:00,13361,1725,1602,1054,3233,0,143,5604,12627,1609,1602,988,3233,0,126,5069,0,0,0,0,0,0,0,0,291,36,0,27,0,0,17,211,19,4,0,0,0,0,0,15,424,76,0,39,0,0,0,309
2018-06-08T12:12:18+02:00,13361,1725,1602,1054,3233,0,143,5604,12627,1609,1602,988,3233,0,126,5069,0,0,0,0,0,0,0,0,291,36,0,27,0,0,17,211,19,4,0,0,0,0,0,15,424,76,0,39,0,0,0,309
2018-06-08T11:08:36+02:00,13365,1726,1602,1056,3233,0,143,5605,12627,1609,1602,988,3233,0,126,5069,0,0,0,0,0,0,0,0,291,36,0,27,0,0,17,211,19,4,0,0,0,0,0,15,428,77,0,41,0,0,0,310
2018-06-04T23:12:27+02:00,13352,1725,1602,1048,3233,0,143,5601,12614,1608,1602,980,3233,0,126,5065,0,0,0,0,0,0,0,0,291,36,0,27,0,0,17,211,19,4,0,0,0,0,0,15,428,77,0,41,0,0,0,310
2018-05-31T14:01:19+02:00,13348,1724,1602,1046,3233,0,143,5600,12614,1608,1602,980,3233,0,126,5065,0,0,0,0,0,0,0,0,291,36,0,27,0,0,17,211,19,4,0,0,0,0,0,15,424,76,0,39,0,0,0,309
2018-05-31T13:03:43+02:00,13259,1714,1602,1046,3233,0,143,5521,12614,1608,1602,980,3233,0,126,5065,0,0,0,0,0,0,0,0,287,36,0,27,0,0,17,207,19,4,0,0,0,0,0,15,339,66,0,39,0,0,0,234
2018-05-31T11:36:12+02:00,13242,1709,1602,1046,3233,0,143,5509,12614,1608,1602,980,3233,0,126,5065,0,0,0,0,0,0,0,0,287,36,0,27,0,0,17,207,19,4,0,0,0,0,0,15,322,61,0,39,0,0,0,222
2018-05-31T02:29:02+02:00,13233,1707,1602,1046,3233,0,143,5502,12614,1608,1602,980,3233,0,126,5065,0,0,0,0,0,0,0,0,287,36,0,27,0,0,17,207,19,4,0,0,0,0,0,15,313,59,0,39,0,0,0,215
2018-05-30T20:33:51+02:00,13193,1700,1602,1050,3233,0,143,5465,12614,1608,1602,980,3233,0,126,5065,0,0,0,0,0,0,0,0,287,36,0,27,0,0,17,207,19,4,0,0,0,0,0,15,273,52,0,43,0,0,0,178
2018-05-30T20:14:52+02:00,13190,1699,1602,1049,3233,0,143,5464,12611,1607,1602,979,3233,0,126,5064,0,0,0,0,0,0,0,0,287,36,0,27,0,0,17,207,19,4,0,0,0,0,0,15,273,52,0,43,0,0,0,178
2018-05-30T20:14:28+02:00,13190,1699,1602,1049,3233,0,143,5464,12611,1607,1602,979,3233,0,126,5064,0,0,0,0,0,0,0,0,287,36,0,27,0,0,17,207,19,4,0,0,0,0,0,15,273,52,0,43,0,0,0,178
2018-05-30T20:06:55+02:00,13128,1691,1602,1040,3211,0,143,5441,12549,1599,1602,970,3211,0,126,5041,0,0,0,0,0,0,0,0,287,36,0,27,0,0,17,207,19,4,0,0,0,0,0,15,273,52,0,43,0,0,0,178
2018-05-30T18:45:40+02:00,13126,1691,1602,1040,3211,0,143,5439,12547,1599,1602,970,3211,0,126,5039,0,0,0,0,0,0,0,0,287,36,0,27,0,0,17,207,19,4,0,0,0,0,0,15,273,52,0,43,0,0,0,178
2018-05-30T13:20:56+02:00,13083,1684,1587,1040,3204,0,143,5425,12505,1592,1587,970,3204,0,126,5026,0,0,0,0,0,0,0,0,286,36,0,27,0,0,17,206,19,4,0,0,0,0,0,15,273,52,0,43,0,0,0,178
2018-05-29T16:10:57+02:00,13081,1684,1587,1040,3204,0,143,5423,12503,1592,1587,970,3204,0,126,5024,0,0,0,0,0,0,0,0,286,36,0,27,0,0,17,206,19,4,0,0,0,0,0,15,273,52,0,43,0,0,0,178
2018-05-29T14:12:58+02:00,13012,1680,1587,975,3204,0,143,5423,12434,1588,1587,905,3204,0,126,5024,0,0,0,0,0,0,0,0,286,36,0,27,0,0,17,206,19,4,0,0,0,0,0,15,273,52,0,43,0,0,0,178
2018-05-29T13:37:01+02:00,13009,1680,1587,972,3204,0,143,5423,12431,1588,1587,902,3204,0,126,5024,0,0,0,0,0,0,0,0,286,36,0,27,0,0,17,206,19,4,0,0,0,0,0,15,273,52,0,43,0,0,0,178
2018-05-29T13:05:16+02:00,13004,1679,1587,968,3204,0,143,5423,12426,1587,1587,898,3204,0,126,5024,0,0,0,0,0,0,0,0,286,36,0,27,0,0,17,206,19,4,0,0,0,0,0,15,273,52,0,43,0,0,0,178
2018-05-28T17:05:08+02:00,12960,1673,1587,959,3204,0,143,5394,12382,1581,1587,889,3204,0,126,4995,0,0,0,0,0,0,0,0,286,36,0,27,0,0,17,206,19,4,0,0,0,0,0,15,273,52,0,43,0,0,0,178
2018-05-28T15:22:11+02:00,12934,1669,1587,964,3204,0,143,5367,12356,1577,1587,894,3204,0,126,4968,0,0,0,0,0,0,0,0,286,36,0,27,0,0,17,206,19,4,0,0,0,0,0,15,273,52,0,43,0,0,0,178
2018-05-28T14:19:25+02:00,12886,1662,1587,963,3204,0,143,5327,12308,1570,1587,893,3204,0,126,4928,0,0,0,0,0,0,0,0,286,36,0,27,0,0,17,206,19,4,0,0,0,0,0,15,273,52,0,43,0,0,0,178
2018-05-25T20:38:04+02:00,12769,1641,1587,899,3202,0,143,5297,12192,1549,1587,829,3202,0,126,4899,0,0,0,0,0,0,0,0,285,36,0,27,0,0,17,205,19,4,0,0,0,0,0,15,273,52,0,43,0,0,0,178
2018-05-25T20:19:36+02:00,12745,1638,1587,898,3200,0,143,5279,12168,1546,1587,828,3200,0,126,4881,0,0,0,0,0,0,0,0,285,36,0,27,0,0,17,205,19,4,0,0,0,0,0,15,273,52,0,43,0,0,0,178
2018-05-25T19:51:14+02:00,12745,1640,1587,898,3200,0,143,5277,12168,1548,1587,828,3200,0,126,4879,0,0,0,0,0,0,0,0,285,36,0,27,0,0,17,205,19,4,0,0,0,0,0,15,273,52,0,43,0,0,0,178
2018-05-25T13:03:24+02:00,11871,1522,1557,897,2850,0,143,4902,11296,1430,1557,827,2850,0,126,4506,0,0,0,0,0,0,0,0,283,36,0,27,0,0,17,203,19,4,0,0,0,0,0,15,273,52,0,43,0,0,0,178
2018-05-25T11:32:03+02:00,11816,1517,1527,929,2838,0,143,4862,11243,1425,1527,859,2838,0,126,4468,0,0,0,0,0,0,0,0,281,36,0,27,0,0,17,201,19,4,0,0,0,0,0,15,273,52,0,43,0,0,0,178
2018-05-25T10:22:09+02:00,11715,1517,1527,929,2737,0,143,4862,11142,1425,1527,859,2737,0,126,4468,0,0,0,0,0,0,0,0,281,36,0,27,0,0,17,201,19,4,0,0,0,0,0,15,273,52,0,43,0,0,0,178
2018-05-25T01:31:09+02:00,11718,1517,1527,929,2737,0,143,4865,11145,1425,1527,859,2737,0,126,4471,0,0,0,0,0,0,0,0,281,36,0,27,0,0,17,201,19,4,0,0,0,0,0,15,273,52,0,43,0,0,0,178
2018-05-24T20:04:31+02:00,11535,1498,1527,925,2625,0,143,4817,10962,1406,1527,855,2625,0,126,4423,0,0,0,0,0,0,0,0,281,36,0,27,0,0,17,201,19,4,0,0,0,0,0,15,273,52,0,43,0,0,0,178
2018-05-24T17:56:51+02:00,11459,1488,1527,908,2612,0,143,4781,10886,1396,1527,838,2612,0,126,4387,0,0,0,0,0,0,0,0,281,36,0,27,0,0,17,201,19,4,0,0,0,0,0,15,273,52,0,43,0,0,0,178
2018-05-23T19:08:06+02:00,11379,1484,1512,908,2557,0,143,4775,10807,1392,1512,838,2557,0,126,4382,0,0,0,0,0,0,0,0,280,36,0,27,0,0,17,200,19,4,0,0,0,0,0,15,273,52,0,43,0,0,0,178
2018-05-23T18:46:49+02:00,11378,1484,1512,908,2556,0,143,4775,10806,1392,1512,838,2556,0,126,4382,0,0,0,0,0,0,0,0,280,36,0,27,0,0,17,200,19,4,0,0,0,0,0,15,273,52,0,43,0,0,0,178
2018-04-22T17:55:58+02:00,11247,1469,1512,869,2545,0,143,4709,10675,1377,1512,799,2545,0,126,4316,0,0,0,0,0,0,0,0,280,36,0,27,0,0,17,200,19,4,0,0,0,0,0,15,273,52,0,43,0,0,0,178
2018-04-22T17:55:06+02:00,11247,1469,1512,869,2545,0,143,4709,10675,1377,1512,799,2545,0,126,4316,0,0,0,0,0,0,0,0,280,36,0,27,0,0,17,200,19,4,0,0,0,0,0,15,273,52,0,43,0,0,0,178
2018-04-16T23:19:03+02:00,11061,1457,1482,852,2443,0,143,4684,10491,1365,1482,782,2443,0,126,4293,0,0,0,0,0,0,0,0,278,36,0,27,0,0,17,198,19,4,0,0,0,0,0,15,273,52,0,43,0,0,0,178
2018-04-16T23:17:04+02:00,11054,1455,1482,852,2447,0,143,4675,10484,1363,1482,782,2447,0,126,4284,0,0,0,0,0,0,0,0,278,36,0,27,0,0,17,198,19,4,0,0,0,0,0,15,273,52,0,43,0,0,0,178
2018-03-31T03:47:43+02:00,11048,1455,1482,852,2441,0,143,4675,10478,1363,1482,782,2441,0,126,4284,0,0,0,0,0,0,0,0,278,36,0,27,0,0,17,198,19,4,0,0,0,0,0,15,273,52,0,43,0,0,0,178
2018-03-31T03:09:41+02:00,11138,1471,1482,856,2455,0,143,4731,10568,1379,1482,786,2455,0,126,4340,0,0,0,0,0,0,0,0,278,36,0,27,0,0,17,198,19,4,0,0,0,0,0,15,273,52,0,43,0,0,0,178
2018-03-31T01:44:43+02:00,11109,1467,1482,855,2455,0,143,4707,10539,1375,1482,785,2455,0,126,4316,0,0,0,0,0,0,0,0,278,36,0,27,0,0,17,198,19,4,0,0,0,0,0,15,273,52,0,43,0,0,0,178
2018-03-23T19:50:38+01:00,10994,1434,1482,772,2473,0,143,4690,10424,1342,1482,702,2473,0,126,4299,0,0,0,0,0,0,0,0,278,36,0,27,0,0,17,198,19,4,0,0,0,0,0,15,273,52,0,43,0,0,0,178
2018-03-23T18:57:05+01:00,10960,1428,1482,767,2466,0,143,4674,10390,1336,1482,697,2466,0,126,4283,0,0,0,0,0,0,0,0,278,36,0,27,0,0,17,198,19,4,0,0,0,0,0,15,273,52,0,43,0,0,0,178
2018-03-23T18:51:52+01:00,10955,1428,1482,767,2461,0,143,4674,10385,1336,1482,697,2461,0,126,4283,0,0,0,0,0,0,0,0,278,36,0,27,0,0,17,198,19,4,0,0,0,0,0,15,273,52,0,43,0,0,0,178
2018-03-23T16:27:50+01:00,10955,1428,1482,767,2461,0,143,4674,10385,1336,1482,697,2461,0,126,4283,0,0,0,0,0,0,0,0,278,36,0,27,0,0,17,198,19,4,0,0,0,0,0,15,273,52,0,43,0,0,0,178
2018-03-23T16:26:16+01:00,10937,1423,1482,765,2461,0,143,4663,10367,1331,1482,695,2461,0,126,4272,0,0,0,0,0,0,0,0,278,36,0,27,0,0,17,198,19,4,0,0,0,0,0,15,273,52,0,43,0,0,0,178
2018-03-23T16:18:47+01:00,10764,1404,1482,759,2396,0,143,4580,10194,1312,1482,689,2396,0,126,4189,0,0,0,0,0,0,0,0,278,36,0,27,0,0,17,198,19,4,0,0,0,0,0,15,273,52,0,43,0,0,0,178
2018-03-23T16:17:14+01:00,10707,1399,1482,759,2380,0,143,4544,10137,1307,1482,689,2380,0,126,4153,0,0,0,0,0,0,0,0,278,36,0,27,0,0,17,198,19,4,0,0,0,0,0,15,273,52,0,43,0,0,0,178
2018-03-22T18:04:54+01:00,10636,1388,1452,753,2378,0,143,4522,10068,1296,1452,683,2378,0,126,4133,0,0,0,0,0,0,0,0,276,36,0,27,0,0,17,196,19,4,0,0,0,0,0,15,273,52,0,43,0,0,0,178
2018-03-22T18:04:17+01:00,10636,1388,1452,753,2378,0,143,4522,10068,1296,1452,683,2378,0,126,4133,0,0,0,0,0,0,0,0,276,36,0,27,0,0,17,196,19,4,0,0,0,0,0,15,273,52,0,43,0,0,0,178
2018-03-22T17:53:38+01:00,10413,1358,1452,748,2285,0,143,4427,9845,1266,1452,678,2285,0,126,4038,0,0,0,0,0,0,0,0,276,36,0,27,0,0,17,196,19,4,0,0,0,0,0,15,273,52,0,43,0,0,0,178
2018-03-22T14:26:11+01:00,10413,1358,1452,748,2285,0,143,4427,9845,1266,1452,678,2285,0,126,4038,0,0,0,0,0,0,0,0,276,36,0,27,0,0,17,196,19,4,0,0,0,0,0,15,273,52,0,43,0,0,0,178
2018-03-21T19:29:27+01:00,10411,1357,1452,747,2285,0,143,4427,9843,1265,1452,677,2285,0,126,4038,0,0,0,0,0,0,0,0,276,36,0,27,0,0,17,196,19,4,0,0,0,0,0,15,273,52,0,43,0,0,0,178
2018-03-21T14:45:02+01:00,10398,1356,1452,735,2285,0,143,4427,9830,1264,1452,665,2285,0,126,4038,0,0,0,0,0,0,0,0,276,36,0,27,0,0,17,196,19,4,0,0,0,0,0,15,273,52,0,43,0,0,0,178
2018-03-20T19:40:31+01:00,10148,1327,1422,719,2197,0,143,4340,9582,1235,1422,649,2197,0,126,3953,0,0,0,0,0,0,0,0,274,36,0,27,0,0,17,194,19,4,0,0,0,0,0,15,273,52,0,43,0,0,0,178
2018-03-19T17:17:40+01:00,9906,1305,1362,629,2189,0,143,4278,9344,1213,1362,559,2189,0,126,3895,0,0,0,0,0,0,0,0,270,36,0,27,0,0,17,190,19,4,0,0,0,0,0,15,273,52,0,43,0,0,0,178
2018-03-19T17:16:26+01:00,9113,1198,1347,629,1850,0,143,3946,8552,1106,1347,559,1850,0,126,3564,0,0,0,0,0,0,0,0,269,36,0,27,0,0,17,189,19,4,0,0,0,0,0,15,273,52,0,43,0,0,0,178
2018-03-18T23:49:54+01:00,9068,1192,1347,629,1832,0,143,3925,8507,1100,1347,559,1832,0,126,3543,0,0,0,0,0,0,0,0,269,36,0,27,0,0,17,189,19,4,0,0,0,0,0,15,273,52,0,43,0,0,0,178
2018-03-18T19:47:48+01:00,9067,1193,1347,629,1832,0,143,3923,8506,1101,1347,559,1832,0,126,3541,0,0,0,0,0,0,0,0,269,36,0,27,0,0,17,189,19,4,0,0,0,0,0,15,273,52,0,43,0,0,0,178
2018-03-18T19:32:12+01:00,9053,1191,1347,629,1827,0,143,3916,8492,1099,1347,559,1827,0,126,3534,0,0,0,0,0,0,0,0,269,36,0,27,0,0,17,189,19,4,0,0,0,0,0,15,273,52,0,43,0,0,0,178
2018-03-18T19:26:14+01:00,9212,1215,1437,629,1827,0,143,3961,8645,1123,1437,559,1827,0,126,3573,0,0,0,0,0,0,0,0,275,36,0,27,0,0,17,195,19,4,0,0,0,0,0,15,273,52,0,43,0,0,0,178
2018-03-18T15:23:11+01:00,9215,1214,1437,629,1829,0,143,3963,8648,1122,1437,559,1829,0,126,3575,0,0,0,0,0,0,0,0,275,36,0,27,0,0,17,195,19,4,0,0,0,0,0,15,273,52,0,43,0,0,0,178
2018-03-17T23:22:53+01:00,9211,1214,1437,626,1828,0,143,3963,8644,1122,1437,556,1828,0,126,3575,0,0,0,0,0,0,0,0,275,36,0,27,0,0,17,195,19,4,0,0,0,0,0,15,273,52,0,43,0,0,0,178
2018-03-16T21:47:21+01:00,9028,1197,1407,606,1750,0,143,3925,8463,1105,1407,536,1750,0,126,3539,0,0,0,0,0,0,0,0,273,36,0,27,0,0,17,193,19,4,0,0,0,0,0,15,273,52,0,43,0,0,0,178
2018-03-16T17:47:24+01:00,8673,1156,1407,600,1586,0,143,3781,8108,1064,1407,530,1586,0,126,3395,0,0,0,0,0,0,0,0,273,36,0,27,0,0,17,193,19,4,0,0,0,0,0,15,273,52,0,43,0,0,0,178
2018-03-15T16:33:52+01:00,8604,1146,1407,590,1566,0,143,3752,8039,1054,1407,520,1566,0,126,3366,0,0,0,0,0,0,0,0,273,36,0,27,0,0,17,193,19,4,0,0,0,0,0,15,273,52,0,43,0,0,0,178
2018-03-15T01:22:28+01:00,8508,1135,1407,580,1511,0,143,3732,7943,1043,1407,510,1511,0,126,3346,0,0,0,0,0,0,0,0,273,36,0,27,0,0,17,193,19,4,0,0,0,0,0,15,273,52,0,43,0,0,0,178
2018-03-13T13:29:05+01:00,8474,1134,1407,578,1502,0,143,3710,7909,1042,1407,508,1502,0,126,3324,0,0,0,0,0,0,0,0,273,36,0,27,0,0,17,193,19,4,0,0,0,0,0,15,273,52,0,43,0,0,0,178
2018-03-13T11:40:27+01:00,8329,1134,1407,578,1357,0,143,3710,7764,1042,1407,508,1357,0,126,3324,0,0,0,0,0,0,0,0,273,36,0,27,0,0,17,193,19,4,0,0,0,0,0,15,273,52,0,43,0,0,0,178
2018-03-13T11:09:26+01:00,8316,1134,1407,578,1355,0,143,3699,7751,1042,1407,508,1355,0,126,3313,0,0,0,0,0,0,0,0,273,36,0,27,0,0,17,193,19,4,0,0,0,0,0,15,273,52,0,43,0,0,0,178
2018-03-10T19:46:49+01:00,8316,1134,1407,578,1355,0,143,3699,7751,1042,1407,508,1355,0,126,3313,0,0,0,0,0,0,0,0,273,36,0,27,0,0,17,193,19,4,0,0,0,0,0,15,273,52,0,43,0,0,0,178
2018-03-10T19:44:56+01:00,8537,1140,1457,587,1484,0,143,3726,7971,1048,1457,517,1484,0,126,3339,0,0,0,0,0,0,0,0,274,36,0,27,0,0,17,194,19,4,0,0,0,0,0,15,273,52,0,43,0,0,0,178
2018-03-10T19:44:02+01:00,8537,1139,1457,587,1479,0,143,3732,7971,1047,1457,517,1479,0,126,3345,0,0,0,0,0,0,0,0,274,36,0,27,0,0,17,194,19,4,0,0,0,0,0,15,273,52,0,43,0,0,0,178
2018-03-10T19:42:47+01:00,8537,1139,1457,587,1479,0,143,3732,7971,1047,1457,517,1479,0,126,3345,0,0,0,0,0,0,0,0,274,36,0,27,0,0,17,194,19,4,0,0,0,0,0,15,273,52,0,43,0,0,0,178
2018-03-10T19:41:34+01:00,8537,1138,1457,587,1474,0,143,3738,7971,1046,1457,517,1474,0,126,3351,0,0,0,0,0,0,0,0,274,36,0,27,0,0,17,194,19,4,0,0,0,0,0,15,273,52,0,43,0,0,0,178
2018-03-10T19:40:34+01:00,8537,1137,1457,587,1469,0,143,3744,7971,1045,1457,517,1469,0,126,3357,0,0,0,0,0,0,0,0,274,36,0,27,0,0,17,194,19,4,0,0,0,0,0,15,273,52,0,43,0,0,0,178
2018-03-10T19:39:11+01:00,8537,1136,1457,587,1464,0,143,3750,7971,1044,1457,517,1464,0,126,3363,0,0,0,0,0,0,0,0,274,36,0,27,0,0,17,194,19,4,0,0,0,0,0,15,273,52,0,43,0,0,0,178
2018-03-10T19:17:46+01:00,8537,1135,1457,587,1459,0,143,3756,7971,1043,1457,517,1459,0,126,3369,0,0,0,0,0,0,0,0,274,36,0,27,0,0,17,194,19,4,0,0,0,0,0,15,273,52,0,43,0,0,0,178
2018-03-10T19:13:57+01:00,8486,1130,1442,587,1453,0,143,3731,7921,1038,1442,517,1453,0,126,3345,0,0,0,0,0,0,0,0,273,36,0,27,0,0,17,193,19,4,0,0,0,0,0,15,273,52,0,43,0,0,0,178
2018-03-10T19:04:05+01:00,8488,1131,1442,587,1453,0,143,3732,7923,1039,1442,517,1453,0,126,3346,0,0,0,0,0,0,0,0,273,36,0,27,0,0,17,193,19,4,0,0,0,0,0,15,273,52,0,43,0,0,0,178
2018-03-10T18:40:22+01:00,8447,1127,1427,587,1446,0,143,3717,7883,1035,1427,517,1446,0,126,3332,0,0,0,0,0,0,0,0,272,36,0,27,0,0,17,192,19,4,0,0,0,0,0,15,273,52,0,43,0,0,0,178
2018-03-10T18:39:05+01:00,8446,1127,1427,587,1446,0,143,3716,7883,1035,1427,517,1446,0,126,3332,0,0,0,0,0,0,0,0,271,36,0,27,0,0,17,191,19,4,0,0,0,0,0,15,273,52,0,43,0,0,0,178
2018-03-09T19:32:38+01:00,8420,1123,1412,587,1443,0,143,3712,7857,1031,1412,517,1443,0,126,3328,0,0,0,0,0,0,0,0,271,36,0,27,0,0,17,191,19,4,0,0,0,0,0,15,273,52,0,43,0,0,0,178
2018-03-09T19:27:19+01:00,8432,1123,1412,587,1443,0,155,3712,7869,1031,1412,517,1443,0,138,3328,0,0,0,0,0,0,0,0,271,36,0,27,0,0,17,191,19,4,0,0,0,0,0,15,273,52,0,43,0,0,0,178
2018-03-09T17:25:03+01:00,8432,1123,1412,587,1443,0,155,3712,7869,1031,1412,517,1443,0,138,3328,0,0,0,0,0,0,0,0,271,36,0,27,0,0,17,191,19,4,0,0,0,0,0,15,273,52,0,43,0,0,0,178
2018-03-09T16:51:16+01:00,8416,1116,1412,585,1445,0,155,3703,7854,1024,1412,515,1445,0,138,3320,0,0,0,0,0,0,0,0,270,36,0,27,0,0,17,190,19,4,0,0,0,0,0,15,273,52,0,43,0,0,0,178
2018-03-09T16:50:33+01:00,8396,1112,1412,582,1441,0,155,3694,7834,1020,1412,512,1441,0,138,3311,0,0,0,0,0,0,0,0,270,36,0,27,0,0,17,190,19,4,0,0,0,0,0,15,273,52,0,43,0,0,0,178
2018-03-09T16:49:19+01:00,8379,1108,1412,582,1438,0,155,3684,7817,1016,1412,512,1438,0,138,3301,0,0,0,0,0,0,0,0,270,36,0,27,0,0,17,190,19,4,0,0,0,0,0,15,273,52,0,43,0,0,0,178
2018-03-09T16:48:46+01:00,8383,1108,1412,582,1442,0,155,3684,7821,1016,1412,512,1442,0,138,3301,0,0,0,0,0,0,0,0,270,36,0,27,0,0,17,190,19,4,0,0,0,0,0,15,273,52,0,43,0,0,0,178
2018-03-08T19:19:41+01:00,8324,1108,1412,582,1385,0,155,3682,7762,1016,1412,512,1385,0,138,3299,0,0,0,0,0,0,0,0,270,36,0,27,0,0,17,190,19,4,0,0,0,0,0,15,273,52,0,43,0,0,0,178
2018-03-08T18:14:43+01:00,8290,1105,1412,577,1370,0,155,3671,7728,1013,1412,507,1370,0,138,3288,0,0,0,0,0,0,0,0,270,36,0,27,0,0,17,190,19,4,0,0,0,0,0,15,273,52,0,43,0,0,0,178
2018-03-08T17:02:08+01:00,8280,1103,1412,577,1368,0,155,3665,7718,1011,1412,507,1368,0,138,3282,0,0,0,0,0,0,0,0,270,36,0,27,0,0,17,190,19,4,0,0,0,0,0,15,273,52,0,43,0,0,0,178
2018-03-08T16:38:26+01:00,8243,1099,1412,577,1346,0,155,3654,7681,1007,1412,507,1346,0,138,3271,0,0,0,0,0,0,0,0,270,36,0,27,0,0,17,190,19,4,0,0,0,0,0,15,273,52,0,43,0,0,0,178
2018-03-08T15:37:13+01:00,8222,1097,1412,576,1334,0,155,3648,7660,1005,1412,506,1334,0,138,3265,0,0,0,0,0,0,0,0,270,36,0,27,0,0,17,190,19,4,0,0,0,0,0,15,273,52,0,43,0,0,0,178
2018-03-04T17:41:10+01:00,7798,1033,1172,576,1334,0,155,3528,7252,941,1172,506,1334,0,138,3161,0,0,0,0,0,0,0,0,254,36,0,27,0,0,17,174,19,4,0,0,0,0,0,15,273,52,0,43,0,0,0,178
2018-03-04T17:21:23+01:00,7605,1004,1097,576,1326,0,131,3471,7081,917,1097,506,1326,0,118,3117,0,0,0,0,0,0,0,0,232,31,0,27,0,0,13,161,19,4,0,0,0,0,0,15,273,52,0,43,0,0,0,178
2018-03-03T18:57:41+01:00,7605,1004,1097,576,1326,0,131,3471,7081,917,1097,506,1326,0,118,3117,0,0,0,0,0,0,0,0,232,31,0,27,0,0,13,161,19,4,0,0,0,0,0,15,273,52,0,43,0,0,0,178
2018-03-03T17:36:44+01:00,7597,1004,1097,587,1326,0,131,3452,7073,917,1097,517,1326,0,118,3098,0,0,0,0,0,0,0,0,232,31,0,27,0,0,13,161,19,4,0,0,0,0,0,15,273,52,0,43,0,0,0,178
2018-03-02T21:12:11+01:00,7303,964,1067,587,1224,0,131,3330,6781,877,1067,517,1224,0,118,2978,0,0,0,0,0,0,0,0,230,31,0,27,0,0,13,159,19,4,0,0,0,0,0,15,273,52,0,43,0,0,0,178
2018-03-02T12:22:17+01:00,7278,960,1067,575,1224,0,131,3321,6756,873,1067,505,1224,0,118,2969,0,0,0,0,0,0,0,0,230,31,0,27,0,0,13,159,19,4,0,0,0,0,0,15,273,52,0,43,0,0,0,178
2018-02-25T22:57:15+01:00,7278,960,1067,575,1224,0,131,3321,6756,873,1067,505,1224,0,118,2969,0,0,0,0,0,0,0,0,230,31,0,27,0,0,13,159,19,4,0,0,0,0,0,15,273,52,0,43,0,0,0,178
2018-02-25T21:45:49+01:00,7255,957,1067,570,1224,0,131,3306,6740,872,1067,500,1224,0,118,2959,0,0,0,0,0,0,0,0,230,31,0,27,0,0,13,159,19,4,0,0,0,0,0,15,266,50,0,43,0,0,0,173
2018-02-25T01:05:18+01:00,7263,956,1067,570,1224,0,131,3315,6740,872,1067,500,1224,0,118,2959,0,0,0,0,0,0,0,0,230,31,0,27,0,0,13,159,19,4,0,0,0,0,0,15,274,49,0,43,0,0,0,182
2018-02-25T00:56:55+01:00,7249,954,1067,570,1224,0,131,3303,6740,872,1067,500,1224,0,118,2959,0,0,0,0,0,0,0,0,228,31,0,27,0,0,13,157,19,4,0,0,0,0,0,15,262,47,0,43,0,0,0,172
2018-02-25T00:47:21+01:00,7167,943,1037,570,1212,0,131,3274,6660,861,1037,500,1212,0,118,2932,0,0,0,0,0,0,0,0,226,31,0,27,0,0,13,155,19,4,0,0,0,0,0,15,262,47,0,43,0,0,0,172
2018-02-24T18:14:02+01:00,7106,937,1037,560,1209,0,131,3232,6599,855,1037,490,1209,0,118,2890,0,0,0,0,0,0,0,0,226,31,0,27,0,0,13,155,19,4,0,0,0,0,0,15,262,47,0,43,0,0,0,172
2018-02-24T16:22:01+01:00,7089,936,1037,545,1209,0,131,3231,6599,855,1037,490,1209,0,118,2890,0,0,0,0,0,0,0,0,226,31,0,27,0,0,13,155,19,4,0,0,0,0,0,15,245,46,0,28,0,0,0,171
2018-02-24T16:12:55+01:00,7107,941,1037,545,1209,0,131,3244,6599,855,1037,490,1209,0,118,2890,0,0,0,0,0,0,0,0,226,31,0,27,0,0,13,155,19,4,0,0,0,0,0,15,263,51,0,28,0,0,0,184
2018-02-23T18:58:26+01:00,7119,941,1037,553,1188,0,131,3269,6598,857,1037,497,1188,0,118,2901,0,0,0,0,0,0,0,0,226,31,0,27,0,0,13,155,19,4,0,0,0,0,0,15,276,49,0,29,0,0,0,198
2018-02-23T18:37:17+01:00,7061,933,1037,553,1188,0,131,3219,6598,857,1037,497,1188,0,118,2901,0,0,0,0,0,0,0,0,226,31,0,27,0,0,13,155,19,4,0,0,0,0,0,15,218,41,0,29,0,0,0,148
2018-02-23T18:24:12+01:00,7049,931,1037,553,1188,0,131,3209,6598,857,1037,497,1188,0,118,2901,0,0,0,0,0,0,0,0,226,31,0,27,0,0,13,155,19,4,0,0,0,0,0,15,206,39,0,29,0,0,0,138
2018-02-23T16:12:47+01:00,7015,924,1037,553,1188,0,131,3182,6598,857,1037,497,1188,0,118,2901,0,0,0,0,0,0,0,0,226,31,0,27,0,0,13,155,19,4,0,0,0,0,0,15,172,32,0,29,0,0,0,111
2018-02-23T15:32:50+01:00,7003,921,1037,553,1188,0,131,3173,6598,857,1037,497,1188,0,118,2901,0,0,0,0,0,0,0,0,226,31,0,27,0,0,13,155,19,4,0,0,0,0,0,15,160,29,0,29,0,0,0,102
2018-02-23T15:17:07+01:00,6996,918,1037,553,1188,0,131,3169,6598,857,1037,497,1188,0,118,2901,0,0,0,0,0,0,0,0,226,31,0,27,0,0,13,155,19,4,0,0,0,0,0,15,153,26,0,29,0,0,0,98
2018-02-23T15:08:48+01:00,6994,918,1037,553,1188,0,131,3167,6598,857,1037,497,1188,0,118,2901,0,0,0,0,0,0,0,0,226,31,0,27,0,0,13,155,19,4,0,0,0,0,0,15,151,26,0,29,0,0,0,96
2018-02-23T15:01:04+01:00,6994,918,1037,553,1188,0,131,3167,6598,857,1037,497,1188,0,118,2901,0,0,0,0,0,0,0,0,226,31,0,27,0,0,13,155,19,4,0,0,0,0,0,15,151,26,0,29,0,0,0,96
2018-02-23T11:53:04+01:00,6958,914,1037,549,1188,0,131,3139,6598,857,1037,497,1188,0,118,2901,0,0,0,0,0,0,0,0,226,31,0,27,0,0,13,155,19,4,0,0,0,0,0,15,115,22,0,25,0,0,0,68
2018-02-22T19:27:15+01:00,6956,914,1037,549,1188,0,131,3137,6598,857,1037,497,1188,0,118,2901,0,0,0,0,0,0,0,0,226,31,0,27,0,0,13,155,19,4,0,0,0,0,0,15,113,22,0,25,0,0,0,66
2018-02-22T15:49:49+01:00,6853,892,1037,529,1188,0,131,3076,6598,857,1037,497,1188,0,118,2901,0,0,0,0,0,0,0,0,226,31,0,27,0,0,13,155,19,4,0,0,0,0,0,15,10,0,0,5,0,0,0,5
2018-02-22T15:07:44+01:00,6854,896,1037,526,1181,0,131,3083,6610,861,1037,499,1181,0,118,2914,0,0,0,0,0,0,0,0,225,31,0,27,0,0,13,154,19,4,0,0,0,0,0,15,0,0,0,0,0,0,0,0
2018-02-22T14:44:54+01:00,6855,896,1037,526,1182,0,131,3083,6611,861,1037,499,1182,0,118,2914,0,0,0,0,0,0,0,0,225,31,0,27,0,0,13,154,19,4,0,0,0,0,0,15,0,0,0,0,0,0,0,0
2018-02-22T14:43:16+01:00,6772,881,1007,518,1182,0,131,3053,6530,846,1007,491,1182,0,118,2886,0,0,0,0,0,0,0,0,223,31,0,27,0,0,13,152,19,4,0,0,0,0,0,15,0,0,0,0,0,0,0,0
2018-02-22T11:57:08+01:00,6772,881,1007,518,1182,0,131,3053,6530,846,1007,491,1182,0,118,2886,0,0,0,0,0,0,0,0,223,31,0,27,0,0,13,152,19,4,0,0,0,0,0,15,0,0,0,0,0,0,0,0
2018-02-22T10:13:12+01:00,6668,865,977,511,1179,0,131,3005,6428,830,977,484,1179,0,118,2840,0,0,0,0,0,0,0,0,221,31,0,27,0,0,13,150,19,4,0,0,0,0,0,15,0,0,0,0,0,0,0,0
2018-02-21T22:39:47+01:00,6655,865,977,511,1179,0,131,2992,6428,830,977,484,1179,0,118,2840,0,0,0,0,0,0,0,0,208,31,0,27,0,0,13,137,19,4,0,0,0,0,0,15,0,0,0,0,0,0,0,0
2018-02-21T22:28:13+01:00,6657,866,977,512,1179,0,131,2992,6430,831,977,485,1179,0,118,2840,0,0,0,0,0,0,0,0,208,31,0,27,0,0,13,137,19,4,0,0,0,0,0,15,0,0,0,0,0,0,0,0
2018-02-21T22:19:49+01:00,6657,866,977,512,1179,0,131,2992,6430,831,977,485,1179,0,118,2840,0,0,0,0,0,0,0,0,208,31,0,27,0,0,13,137,19,4,0,0,0,0,0,15,0,0,0,0,0,0,0,0
2018-02-21T21:52:15+01:00,6539,847,947,520,1170,0,131,2924,6314,812,947,493,1170,0,118,2774,0,0,0,0,0,0,0,0,206,31,0,27,0,0,13,135,19,4,0,0,0,0,0,15,0,0,0,0,0,0,0,0
2018-02-21T19:06:00+01:00,6482,837,947,517,1168,0,131,2882,6257,802,947,490,1168,0,118,2732,0,0,0,0,0,0,0,0,206,31,0,27,0,0,13,135,19,4,0,0,0,0,0,15,0,0,0,0,0,0,0,0
2018-02-21T15:59:32+01:00,6463,837,947,510,1168,0,131,2870,6238,802,947,483,1168,0,118,2720,0,0,0,0,0,0,0,0,206,31,0,27,0,0,13,135,19,4,0,0,0,0,0,15,0,0,0,0,0,0,0,0
2018-02-20T23:09:28+01:00,6308,815,917,485,1157,0,131,2803,6085,780,917,458,1157,0,118,2655,0,0,0,0,0,0,0,0,204,31,0,27,0,0,13,133,19,4,0,0,0,0,0,15,0,0,0,0,0,0,0,0
2018-02-20T22:53:28+01:00,6308,815,917,485,1157,0,131,2803,6085,780,917,458,1157,0,118,2655,0,0,0,0,0,0,0,0,204,31,0,27,0,0,13,133,19,4,0,0,0,0,0,15,0,0,0,0,0,0,0,0
2018-02-20T22:44:49+01:00,6302,813,917,483,1157,0,131,2801,6079,778,917,456,1157,0,118,2653,0,0,0,0,0,0,0,0,204,31,0,27,0,0,13,133,19,4,0,0,0,0,0,15,0,0,0,0,0,0,0,0
2018-02-20T22:24:30+01:00,6284,810,917,483,1157,0,131,2786,6061,775,917,456,1157,0,118,2638,0,0,0,0,0,0,0,0,204,31,0,27,0,0,13,133,19,4,0,0,0,0,0,15,0,0,0,0,0,0,0,0
2018-02-20T22:21:02+01:00,6250,805,917,483,1157,0,131,2757,6027,770,917,456,1157,0,118,2609,0,0,0,0,0,0,0,0,204,31,0,27,0,0,13,133,19,4,0,0,0,0,0,15,0,0,0,0,0,0,0,0
2018-02-20T17:58:51+01:00,6063,775,887,481,1137,0,131,2652,5842,740,887,454,1137,0,118,2506,0,0,0,0,0,0,0,0,202,31,0,27,0,0,13,131,19,4,0,0,0,0,0,15,0,0,0,0,0,0,0,0
2018-02-20T17:56:50+01:00,6055,774,887,480,1137,0,131,2646,5834,739,887,453,1137,0,118,2500,0,0,0,0,0,0,0,0,202,31,0,27,0,0,13,131,19,4,0,0,0,0,0,15,0,0,0,0,0,0,0,0
2018-02-20T16:51:25+01:00,5975,760,857,480,1137,0,131,2610,5756,725,857,453,1137,0,118,2466,0,0,0,0,0,0,0,0,200,31,0,27,0,0,13,129,19,4,0,0,0,0,0,15,0,0,0,0,0,0,0,0
2018-02-20T11:42:06+01:00,5920,749,857,473,1137,0,131,2573,5701,714,857,446,1137,0,118,2429,0,0,0,0,0,0,0,0,200,31,0,27,0,0,13,129,19,4,0,0,0,0,0,15,0,0,0,0,0,0,0,0
2018-02-20T01:20:21+01:00,5920,749,857,473,1137,0,131,2573,5701,714,857,446,1137,0,118,2429,0,0,0,0,0,0,0,0,200,31,0,27,0,0,13,129,19,4,0,0,0,0,0,15,0,0,0,0,0,0,0,0
2018-02-20T01:05:35+01:00,5891,745,857,473,1137,0,131,2548,5701,714,857,446,1137,0,118,2429,0,0,0,0,0,0,0,0,171,27,0,27,0,0,13,104,19,4,0,0,0,0,0,15,0,0,0,0,0,0,0,0
2018-02-19T22:18:01+01:00,5895,743,857,480,1137,0,131,2547,5701,714,857,446,1137,0,118,2429,0,0,0,0,0,0,0,0,175,25,0,34,0,0,13,103,19,4,0,0,0,0,0,15,0,0,0,0,0,0,0,0
2018-02-19T21:46:38+01:00,5890,743,857,480,1137,0,131,2542,5697,714,857,446,1137,0,118,2425,0,0,0,0,0,0,0,0,175,25,0,34,0,0,13,103,18,4,0,0,0,0,0,14,0,0,0,0,0,0,0,0
2018-02-19T21:45:14+01:00,5867,740,857,471,1133,0,131,2535,5674,711,857,437,1133,0,118,2418,0,0,0,0,0,0,0,0,175,25,0,34,0,0,13,103,18,4,0,0,0,0,0,14,0,0,0,0,0,0,0,0
2018-02-19T18:28:05+01:00,5824,732,842,471,1130,0,131,2518,5632,703,842,437,1130,0,118,2402,0,0,0,0,0,0,0,0,174,25,0,34,0,0,13,102,18,4,0,0,0,0,0,14,0,0,0,0,0,0,0,0
2018-02-19T16:41:10+01:00,5626,701,812,471,1069,0,131,2442,5435,672,812,437,1069,0,118,2327,0,0,0,0,0,0,0,0,173,25,0,34,0,0,13,101,18,4,0,0,0,0,0,14,0,0,0,0,0,0,0,0
2018-02-19T16:09:23+01:00,5612,701,812,474,1069,0,131,2425,5421,672,812,440,1069,0,118,2310,0,0,0,0,0,0,0,0,173,25,0,34,0,0,13,101,18,4,0,0,0,0,0,14,0,0,0,0,0,0,0,0
2018-02-19T15:58:49+01:00,5609,699,812,474,1069,0,131,2424,5418,670,812,440,1069,0,118,2309,0,0,0,0,0,0,0,0,173,25,0,34,0,0,13,101,18,4,0,0,0,0,0,14,0,0,0,0,0,0,0,0
2018-02-19T15:40:38+01:00,5608,699,812,474,1069,0,131,2423,5417,670,812,440,1069,0,118,2308,0,0,0,0,0,0,0,0,173,25,0,34,0,0,13,101,18,4,0,0,0,0,0,14,0,0,0,0,0,0,0,0
2018-02-17T23:24:31+01:00,5590,695,812,474,1069,0,131,2409,5399,666,812,440,1069,0,118,2294,0,0,0,0,0,0,0,0,173,25,0,34,0,0,13,101,18,4,0,0,0,0,0,14,0,0,0,0,0,0,0,0
2018-02-16T19:11:27+01:00,5590,695,812,474,1069,0,131,2409,5399,666,812,440,1069,0,118,2294,0,0,0,0,0,0,0,0,173,25,0,34,0,0,13,101,18,4,0,0,0,0,0,14,0,0,0,0,0,0,0,0
2018-02-16T19:09:58+01:00,5590,695,812,474,1069,0,131,2409,5399,666,812,440,1069,0,118,2294,0,0,0,0,0,0,0,0,173,25,0,34,0,0,13,101,18,4,0,0,0,0,0,14,0,0,0,0,0,0,0,0
2018-02-16T19:08:26+01:00,5590,695,812,474,1069,0,131,2409,5399,666,812,440,1069,0,118,2294,0,0,0,0,0,0,0,0,173,25,0,34,0,0,13,101,18,4,0,0,0,0,0,14,0,0,0,0,0,0,0,0
2018-02-15T22:33:46+01:00,5590,695,812,474,1069,0,131,2409,5399,666,812,440,1069,0,118,2294,0,0,0,0,0,0,0,0,173,25,0,34,0,0,13,101,18,4,0,0,0,0,0,14,0,0,0,0,0,0,0,0
2018-02-15T21:02:36+01:00,5590,695,812,474,1069,0,131,2409,5399,666,812,440,1069,0,118,2294,0,0,0,0,0,0,0,0,173,25,0,34,0,0,13,101,18,4,0,0,0,0,0,14,0,0,0,0,0,0,0,0
2018-02-14T17:15:25+01:00,5590,695,812,474,1069,0,131,2409,5399,666,812,440,1069,0,118,2294,0,0,0,0,0,0,0,0,173,25,0,34,0,0,13,101,18,4,0,0,0,0,0,14,0,0,0,0,0,0,0,0
2018-02-14T16:53:09+01:00,5560,689,812,471,1069,0,131,2388,5369,660,812,437,1069,0,118,2273,0,0,0,0,0,0,0,0,173,25,0,34,0,0,13,101,18,4,0,0,0,0,0,14,0,0,0,0,0,0,0,0
2018-02-14T16:51:46+01:00,5561,689,812,471,1069,0,131,2389,5370,660,812,437,1069,0,118,2274,0,0,0,0,0,0,0,0,173,25,0,34,0,0,13,101,18,4,0,0,0,0,0,14,0,0,0,0,0,0,0,0
2018-02-14T16:48:33+01:00,5567,690,812,472,1069,0,131,2393,5376,661,812,438,1069,0,118,2278,0,0,0,0,0,0,0,0,173,25,0,34,0,0,13,101,18,4,0,0,0,0,0,14,0,0,0,0,0,0,0,0
2018-02-14T10:43:43+01:00,5567,690,812,472,1069,0,131,2393,5376,661,812,438,1069,0,118,2278,0,0,0,0,0,0,0,0,173,25,0,34,0,0,13,101,18,4,0,0,0,0,0,14,0,0,0,0,0,0,0,0
2018-02-14T10:40:14+01:00,5567,690,812,472,1069,0,131,2393,5376,661,812,438,1069,0,118,2278,0,0,0,0,0,0,0,0,173,25,0,34,0,0,13,101,18,4,0,0,0,0,0,14,0,0,0,0,0,0,0,0
2018-02-13T17:36:24+01:00,5567,690,812,472,1069,0,131,2393,5376,661,812,438,1069,0,118,2278,0,0,0,0,0,0,0,0,173,25,0,34,0,0,13,101,18,4,0,0,0,0,0,14,0,0,0,0,0,0,0,0
2018-02-13T17:32:01+01:00,5567,690,812,472,1069,0,131,2393,5376,661,812,438,1069,0,118,2278,0,0,0,0,0,0,0,0,173,25,0,34,0,0,13,101,18,4,0,0,0,0,0,14,0,0,0,0,0,0,0,0
2018-02-13T17:08:26+01:00,5567,690,812,472,1069,0,131,2393,5376,661,812,438,1069,0,118,2278,0,0,0,0,0,0,0,0,173,25,0,34,0,0,13,101,18,4,0,0,0,0,0,14,0,0,0,0,0,0,0,0
2018-02-12T14:17:34+01:00,5533,689,812,444,1069,0,131,2388,5342,660,812,410,1069,0,118,2273,0,0,0,0,0,0,0,0,173,25,0,34,0,0,13,101,18,4,0,0,0,0,0,14,0,0,0,0,0,0,0,0
2018-02-12T14:15:20+01:00,5513,685,812,443,1064,0,131,2378,5322,656,812,409,1064,0,118,2263,0,0,0,0,0,0,0,0,173,25,0,34,0,0,13,101,18,4,0,0,0,0,0,14,0,0,0,0,0,0,0,0
2018-02-12T14:13:37+01:00,5513,685,812,443,1064,0,131,2378,5322,656,812,409,1064,0,118,2263,0,0,0,0,0,0,0,0,173,25,0,34,0,0,13,101,18,4,0,0,0,0,0,14,0,0,0,0,0,0,0,0
2018-02-12T13:36:48+01:00,5512,685,812,442,1064,0,131,2378,5321,656,812,408,1064,0,118,2263,0,0,0,0,0,0,0,0,173,25,0,34,0,0,13,101,18,4,0,0,0,0,0,14,0,0,0,0,0,0,0,0
2018-02-11T12:09:57+01:00,5443,678,812,436,1038,0,131,2348,5252,649,812,402,1038,0,118,2233,0,0,0,0,0,0,0,0,173,25,0,34,0,0,13,101,18,4,0,0,0,0,0,14,0,0,0,0,0,0,0,0
2018-02-11T12:03:52+01:00,5440,678,812,436,1038,0,128,2348,5249,649,812,402,1038,0,115,2233,0,0,0,0,0,0,0,0,173,25,0,34,0,0,13,101,18,4,0,0,0,0,0,14,0,0,0,0,0,0,0,0
2018-02-11T11:40:45+01:00,5437,677,812,433,1038,0,129,2348,5246,648,812,399,1038,0,116,2233,0,0,0,0,0,0,0,0,173,25,0,34,0,0,13,101,18,4,0,0,0,0,0,14,0,0,0,0,0,0,0,0
2018-02-11T11:37:09+01:00,5427,676,812,433,1038,0,120,2348,5236,647,812,399,1038,0,107,2233,0,0,0,0,0,0,0,0,173,25,0,34,0,0,13,101,18,4,0,0,0,0,0,14,0,0,0,0,0,0,0,0
2018-02-10T19:08:23+01:00,5420,674,812,433,1036,0,120,2345,5229,645,812,399,1036,0,107,2230,0,0,0,0,0,0,0,0,173,25,0,34,0,0,13,101,18,4,0,0,0,0,0,14,0,0,0,0,0,0,0,0
2018-02-10T18:59:22+01:00,5416,673,812,433,1036,0,117,2345,5225,644,812,399,1036,0,104,2230,0,0,0,0,0,0,0,0,173,25,0,34,0,0,13,101,18,4,0,0,0,0,0,14,0,0,0,0,0,0,0,0
2018-02-10T18:53:14+01:00,5378,668,797,433,1036,0,99,2345,5188,639,797,399,1036,0,87,2230,0,0,0,0,0,0,0,0,172,25,0,34,0,0,12,101,18,4,0,0,0,0,0,14,0,0,0,0,0,0,0,0
2018-02-10T18:42:10+01:00,5375,668,797,433,1036,0,99,2342,5185,639,797,399,1036,0,87,2227,0,0,0,0,0,0,0,0,172,25,0,34,0,0,12,101,18,4,0,0,0,0,0,14,0,0,0,0,0,0,0,0
2018-02-10T17:18:25+01:00,5380,669,797,433,1036,0,99,2346,5189,640,797,399,1036,0,87,2230,0,0,0,0,0,0,0,0,173,25,0,34,0,0,12,102,18,4,0,0,0,0,0,14,0,0,0,0,0,0,0,0
2018-02-10T12:15:19+01:00,5248,658,767,433,977,0,99,2314,5058,629,767,399,977,0,87,2199,0,0,0,0,0,0,0,0,172,25,0,34,0,0,12,101,18,4,0,0,0,0,0,14,0,0,0,0,0,0,0,0
2018-02-10T11:35:44+01:00,5231,656,767,433,971,0,99,2305,5041,627,767,399,971,0,87,2190,0,0,0,0,0,0,0,0,172,25,0,34,0,0,12,101,18,4,0,0,0,0,0,14,0,0,0,0,0,0,0,0
2018-02-09T12:18:26+01:00,5157,646,737,433,964,0,99,2278,4968,617,737,399,964,0,87,2164,0,0,0,0,0,0,0,0,171,25,0,34,0,0,12,100,18,4,0,0,0,0,0,14,0,0,0,0,0,0,0,0
2018-02-08T17:19:58+01:00,5160,646,737,436,964,0,99,2278,4971,617,737,402,964,0,87,2164,0,0,0,0,0,0,0,0,171,25,0,34,0,0,12,100,18,4,0,0,0,0,0,14,0,0,0,0,0,0,0,0
2018-02-08T17:07:27+01:00,5160,646,737,436,964,0,99,2278,4971,617,737,402,964,0,87,2164,0,0,0,0,0,0,0,0,171,25,0,34,0,0,12,100,18,4,0,0,0,0,0,14,0,0,0,0,0,0,0,0
2018-02-01T00:44:58+01:00,4537,562,677,333,917,0,99,1949,4374,534,677,312,917,0,87,1847,0,0,0,0,0,0,0,0,145,24,0,21,0,0,12,88,18,4,0,0,0,0,0,14,0,0,0,0,0,0,0,0
2018-01-31T11:52:53+01:00,4498,560,677,330,917,0,99,1915,4335,532,677,309,917,0,87,1813,0,0,0,0,0,0,0,0,145,24,0,21,0,0,12,88,18,4,0,0,0,0,0,14,0,0,0,0,0,0,0,0
2018-01-22T17:02:38+01:00,4189,537,662,304,781,0,99,1806,4027,509,662,283,781,0,87,1705,0,0,0,0,0,0,0,0,144,24,0,21,0,0,12,87,18,4,0,0,0,0,0,14,0,0,0,0,0,0,0,0
2018-01-22T16:44:10+01:00,4126,532,662,296,781,0,99,1756,3964,504,662,275,781,0,87,1655,0,0,0,0,0,0,0,0,144,24,0,21,0,0,12,87,18,4,0,0,0,0,0,14,0,0,0,0,0,0,0,0
2018-01-21T18:25:13+01:00,4099,532,662,269,781,0,99,1756,3937,504,662,248,781,0,87,1655,0,0,0,0,0,0,0,0,144,24,0,21,0,0,12,87,18,4,0,0,0,0,0,14,0,0,0,0,0,0,0,0
2018-01-21T16:43:01+01:00,4004,530,662,264,739,0,99,1710,3842,502,662,243,739,0,87,1609,0,0,0,0,0,0,0,0,144,24,0,21,0,0,12,87,18,4,0,0,0,0,0,14,0,0,0,0,0,0,0,0
2018-01-20T18:27:37+01:00,3953,527,662,262,725,0,99,1678,3791,499,662,241,725,0,87,1577,0,0,0,0,0,0,0,0,144,24,0,21,0,0,12,87,18,4,0,0,0,0,0,14,0,0,0,0,0,0,0,0
2018-01-19T20:45:36+01:00,3862,518,662,262,696,0,99,1625,3700,490,662,241,696,0,87,1524,0,0,0,0,0,0,0,0,144,24,0,21,0,0,12,87,18,4,0,0,0,0,0,14,0,0,0,0,0,0,0,0
2018-01-19T20:17:14+01:00,3822,514,662,258,696,0,99,1593,3660,486,662,237,696,0,87,1492,0,0,0,0,0,0,0,0,144,24,0,21,0,0,12,87,18,4,0,0,0,0,0,14,0,0,0,0,0,0,0,0
2018-01-19T20:16:22+01:00,3817,514,662,256,696,0,99,1590,3655,486,662,235,696,0,87,1489,0,0,0,0,0,0,0,0,144,24,0,21,0,0,12,87,18,4,0,0,0,0,0,14,0,0,0,0,0,0,0,0
2018-01-19T20:13:14+01:00,3681,501,662,255,614,0,99,1550,3519,473,662,234,614,0,87,1449,0,0,0,0,0,0,0,0,144,24,0,21,0,0,12,87,18,4,0,0,0,0,0,14,0,0,0,0,0,0,0,0
2018-01-19T16:13:57+01:00,3573,491,635,248,609,0,99,1491,3411,463,635,227,609,0,87,1390,0,0,0,0,0,0,0,0,144,24,0,21,0,0,12,87,18,4,0,0,0,0,0,14,0,0,0,0,0,0,0,0
2018-01-19T16:09:19+01:00,3362,469,605,248,574,0,99,1367,3201,441,605,227,574,0,87,1267,0,0,0,0,0,0,0,0,143,24,0,21,0,0,12,86,18,4,0,0,0,0,0,14,0,0,0,0,0,0,0,0
2018-01-19T00:18:22+01:00,3352,469,605,248,564,0,99,1367,3191,441,605,227,564,0,87,1267,0,0,0,0,0,0,0,0,143,24,0,21,0,0,12,86,18,4,0,0,0,0,0,14,0,0,0,0,0,0,0,0
2018-01-15T16:58:18+01:00,3162,445,575,248,470,0,99,1325,3002,417,575,227,470,0,87,1226,0,0,0,0,0,0,0,0,142,24,0,21,0,0,12,85,18,4,0,0,0,0,0,14,0,0,0,0,0,0,0,0
2018-01-15T16:54:16+01:00,3158,444,575,246,470,0,99,1324,2998,416,575,225,470,0,87,1225,0,0,0,0,0,0,0,0,142,24,0,21,0,0,12,85,18,4,0,0,0,0,0,14,0,0,0,0,0,0,0,0
2018-01-15T16:48:31+01:00,3159,445,575,246,470,0,99,1324,2999,417,575,225,470,0,87,1225,0,0,0,0,0,0,0,0,142,24,0,21,0,0,12,85,18,4,0,0,0,0,0,14,0,0,0,0,0,0,0,0
2018-01-11T18:17:54+01:00,3133,440,575,241,470,0,99,1308,2973,412,575,220,470,0,87,1209,0,0,0,0,0,0,0,0,142,24,0,21,0,0,12,85,18,4,0,0,0,0,0,14,0,0,0,0,0,0,0,0
2018-01-11T17:45:27+01:00,3094,437,575,225,470,0,99,1288,2934,409,575,204,470,0,87,1189,0,0,0,0,0,0,0,0,142,24,0,21,0,0,12,85,18,4,0,0,0,0,0,14,0,0,0,0,0,0,0,0
2018-01-11T16:30:50+01:00,3076,435,575,225,464,0,99,1278,2916,407,575,204,464,0,87,1179,0,0,0,0,0,0,0,0,142,24,0,21,0,0,12,85,18,4,0,0,0,0,0,14,0,0,0,0,0,0,0,0
2018-01-11T16:05:11+01:00,3049,434,575,228,455,0,99,1258,2889,406,575,207,455,0,87,1159,0,0,0,0,0,0,0,0,142,24,0,21,0,0,12,85,18,4,0,0,0,0,0,14,0,0,0,0,0,0,0,0
2018-01-11T15:13:32+01:00,2956,423,560,225,436,0,99,1213,2797,395,560,204,436,0,87,1115,0,0,0,0,0,0,0,0,141,24,0,21,0,0,12,84,18,4,0,0,0,0,0,14,0,0,0,0,0,0,0,0
2017-12-22T14:29:42+01:00,2956,423,560,225,436,0,99,1213,2797,395,560,204,436,0,87,1115,0,0,0,0,0,0,0,0,141,24,0,21,0,0,12,84,18,4,0,0,0,0,0,14,0,0,0,0,0,0,0,0
2017-12-22T12:44:00+01:00,2903,418,560,207,436,0,99,1183,2744,390,560,186,436,0,87,1085,0,0,0,0,0,0,0,0,141,24,0,21,0,0,12,84,18,4,0,0,0,0,0,14,0,0,0,0,0,0,0,0
2017-12-22T12:29:17+01:00,2903,418,560,207,436,0,99,1183,2744,390,560,186,436,0,87,1085,0,0,0,0,0,0,0,0,141,24,0,21,0,0,12,84,18,4,0,0,0,0,0,14,0,0,0,0,0,0,0,0
2017-12-22T11:32:12+01:00,2967,428,560,214,436,0,99,1230,2808,400,560,193,436,0,87,1132,0,0,0,0,0,0,0,0,141,24,0,21,0,0,12,84,18,4,0,0,0,0,0,14,0,0,0,0,0,0,0,0
2017-12-21T19:27:27+01:00,2801,401,545,206,405,0,99,1145,2643,373,545,185,405,0,87,1048,0,0,0,0,0,0,0,0,140,24,0,21,0,0,12,83,18,4,0,0,0,0,0,14,0,0,0,0,0,0,0,0
2017-12-21T19:26:55+01:00,2781,396,545,206,398,0,99,1137,2623,368,545,185,398,0,87,1040,0,0,0,0,0,0,0,0,140,24,0,21,0,0,12,83,18,4,0,0,0,0,0,14,0,0,0,0,0,0,0,0
2017-12-20T18:02:55+01:00,2763,401,575,206,353,0,99,1129,2604,373,575,185,353,0,87,1031,0,0,0,0,0,0,0,0,141,24,0,21,0,0,12,84,18,4,0,0,0,0,0,14,0,0,0,0,0,0,0,0
2017-12-20T17:31:49+01:00,2510,361,530,181,305,0,99,1034,2354,333,530,160,305,0,87,939,0,0,0,0,0,0,0,0,138,24,0,21,0,0,12,81,18,4,0,0,0,0,0,14,0,0,0,0,0,0,0,0
2017-12-13T11:10:44+01:00,2491,356,530,181,297,0,97,1030,2335,328,530,160,297,0,85,935,0,0,0,0,0,0,0,0,138,24,0,21,0,0,12,81,18,4,0,0,0,0,0,14,0,0,0,0,0,0,0,0
2017-12-12T14:19:09+01:00,2523,361,530,191,297,0,97,1047,2367,333,530,170,297,0,85,952,0,0,0,0,0,0,0,0,138,24,0,21,0,0,12,81,18,4,0,0,0,0,0,14,0,0,0,0,0,0,0,0
2017-12-12T14:07:58+01:00,2512,360,530,182,297,0,97,1046,2356,332,530,161,297,0,85,951,0,0,0,0,0,0,0,0,138,24,0,21,0,0,12,81,18,4,0,0,0,0,0,14,0,0,0,0,0,0,0,0
2017-12-12T13:30:30+01:00,2508,360,530,178,297,0,97,1046,2352,332,530,157,297,0,85,951,0,0,0,0,0,0,0,0,138,24,0,21,0,0,12,81,18,4,0,0,0,0,0,14,0,0,0,0,0,0,0,0
2017-12-12T13:06:35+01:00,2476,354,530,169,297,0,97,1029,2320,326,530,148,297,0,85,934,0,0,0,0,0,0,0,0,138,24,0,21,0,0,12,81,18,4,0,0,0,0,0,14,0,0,0,0,0,0,0,0
2017-12-12T12:32:16+01:00,2472,354,530,169,296,0,97,1026,2316,326,530,148,296,0,85,931,0,0,0,0,0,0,0,0,138,24,0,21,0,0,12,81,18,4,0,0,0,0,0,14,0,0,0,0,0,0,0,0
2017-12-12T12:20:00+01:00,2408,346,500,169,296,0,72,1025,2258,319,500,148,296,0,64,931,0,0,0,0,0,0,0,0,132,23,0,21,0,0,8,80,18,4,0,0,0,0,0,14,0,0,0,0,0,0,0,0
2017-12-11T23:08:10+01:00,2306,330,470,169,279,0,72,986,2157,303,470,148,279,0,64,893,0,0,0,0,0,0,0,0,131,23,0,21,0,0,8,79,18,4,0,0,0,0,0,14,0,0,0,0,0,0,0,0
2017-12-11T23:02:21+01:00,2575,380,560,169,279,0,93,1094,2422,353,560,148,279,0,84,998,0,0,0,0,0,0,0,0,135,23,0,21,0,0,9,82,18,4,0,0,0,0,0,14,0,0,0,0,0,0,0,0
2017-12-11T17:12:26+01:00,2591,382,560,169,271,0,95,1114,2438,355,560,148,271,0,86,1018,0,0,0,0,0,0,0,0,135,23,0,21,0,0,9,82,18,4,0,0,0,0,0,14,0,0,0,0,0,0,0,0
2017-12-10T17:14:22+01:00,2450,360,530,169,250,0,65,1076,2299,333,530,148,250,0,57,981,0,0,0,0,0,0,0,0,133,23,0,21,0,0,8,81,18,4,0,0,0,0,0,14,0,0,0,0,0,0,0,0
2017-12-10T16:34:07+01:00,2439,358,530,169,248,0,64,1070,2288,331,530,148,248,0,56,975,0,0,0,0,0,0,0,0,133,23,0,21,0,0,8,81,18,4,0,0,0,0,0,14,0,0,0,0,0,0,0,0
2017-12-10T16:22:59+01:00,2436,358,530,167,248,0,64,1069,2285,331,530,146,248,0,56,974,0,0,0,0,0,0,0,0,133,23,0,21,0,0,8,81,18,4,0,0,0,0,0,14,0,0,0,0,0,0,0,0
2017-12-10T16:19:59+01:00,2415,352,530,171,248,0,64,1050,2264,325,530,150,248,0,56,955,0,0,0,0,0,0,0,0,133,23,0,21,0,0,8,81,18,4,0,0,0,0,0,14,0,0,0,0,0,0,0,0
2017-12-10T16:18:04+01:00,2417,353,530,171,248,0,64,1051,2266,326,530,150,248,0,56,956,0,0,0,0,0,0,0,0,133,23,0,21,0,0,8,81,18,4,0,0,0,0,0,14,0,0,0,0,0,0,0,0
2017-12-10T16:06:11+01:00,2414,352,530,170,248,0,64,1050,2263,325,530,149,248,0,56,955,0,0,0,0,0,0,0,0,133,23,0,21,0,0,8,81,18,4,0,0,0,0,0,14,0,0,0,0,0,0,0,0
2017-12-09T18:38:41+01:00,2414,352,530,170,248,0,64,1050,2263,325,530,149,248,0,56,955,0,0,0,0,0,0,0,0,133,23,0,21,0,0,8,81,18,4,0,0,0,0,0,14,0,0,0,0,0,0,0,0
2017-12-09T18:35:54+01:00,2377,346,530,169,248,0,64,1020,2226,319,530,148,248,0,56,925,0,0,0,0,0,0,0,0,133,23,0,21,0,0,8,81,18,4,0,0,0,0,0,14,0,0,0,0,0,0,0,0
2017-12-09T18:35:25+01:00,2377,346,530,169,248,0,64,1020,2226,319,530,148,248,0,56,925,0,0,0,0,0,0,0,0,133,23,0,21,0,0,8,81,18,4,0,0,0,0,0,14,0,0,0,0,0,0,0,0
2017-12-09T17:41:48+01:00,2345,340,515,169,248,0,64,1009,2194,313,515,148,248,0,56,914,0,0,0,0,0,0,0,0,133,23,0,21,0,0,8,81,18,4,0,0,0,0,0,14,0,0,0,0,0,0,0,0
2017-12-09T00:09:25+01:00,2037,301,440,164,172,0,64,896,1889,274,440,143,172,0,56,804,0,0,0,0,0,0,0,0,130,23,0,21,0,0,8,78,18,4,0,0,0,0,0,14,0,0,0,0,0,0,0,0
2017-12-08T12:05:50+01:00,2005,295,425,164,172,0,64,885,1858,268,425,143,172,0,56,794,0,0,0,0,0,0,0,0,129,23,0,21,0,0,8,77,18,4,0,0,0,0,0,14,0,0,0,0,0,0,0,0
2017-12-07T19:34:37+01:00,2005,295,425,164,172,0,64,885,1858,268,425,143,172,0,56,794,0,0,0,0,0,0,0,0,129,23,0,21,0,0,8,77,18,4,0,0,0,0,0,14,0,0,0,0,0,0,0,0
2017-12-07T19:31:15+01:00,2005,295,425,164,172,0,64,885,1858,268,425,143,172,0,56,794,0,0,0,0,0,0,0,0,129,23,0,21,0,0,8,77,18,4,0,0,0,0,0,14,0,0,0,0,0,0,0,0
2017-12-06T19:14:39+01:00,2000,297,425,165,172,0,64,877,1853,270,425,144,172,0,56,786,0,0,0,0,0,0,0,0,129,23,0,21,0,0,8,77,18,4,0,0,0,0,0,14,0,0,0,0,0,0,0,0
2017-12-06T17:55:38+01:00,1576,227,365,120,158,0,64,642,1432,200,365,99,158,0,56,554,0,0,0,0,0,0,0,0,126,23,0,21,0,0,8,74,18,4,0,0,0,0,0,14,0,0,0,0,0,0,0,0
2017-12-06T17:54:48+01:00,1576,227,365,120,158,0,64,642,1432,200,365,99,158,0,56,554,0,0,0,0,0,0,0,0,126,23,0,21,0,0,8,74,18,4,0,0,0,0,0,14,0,0,0,0,0,0,0,0
2017-12-06T16:54:25+01:00,1576,227,365,120,158,0,64,642,1432,200,365,99,158,0,56,554,0,0,0,0,0,0,0,0,126,23,0,21,0,0,8,74,18,4,0,0,0,0,0,14,0,0,0,0,0,0,0,0
2017-11-13T22:59:35+01:00,1544,222,365,113,158,0,64,622,1432,200,365,99,158,0,56,554,0,0,0,0,0,0,0,0,112,22,0,14,0,0,8,68,0,0,0,0,0,0,0,0,0,0,0,0,0,0,0,0
2017-11-13T12:20:37+01:00,1384,197,365,51,156,0,64,551,1272,175,365,37,156,0,56,483,0,0,0,0,0,0,0,0,112,22,0,14,0,0,8,68,0,0,0,0,0,0,0,0,0,0,0,0,0,0,0,0
2017-11-13T12:11:20+01:00,1376,197,365,51,147,0,64,552,1264,175,365,37,147,0,56,484,0,0,0,0,0,0,0,0,112,22,0,14,0,0,8,68,0,0,0,0,0,0,0,0,0,0,0,0,0,0,0,0
2017-11-10T14:50:46+01:00,1458,208,410,49,132,0,64,595,1337,184,410,35,132,0,56,520,0,0,0,0,0,0,0,0,121,24,0,14,0,0,8,75,0,0,0,0,0,0,0,0,0,0,0,0,0,0,0,0
2017-11-10T14:28:49+01:00,1457,208,410,49,132,0,64,594,1336,184,410,35,132,0,56,519,0,0,0,0,0,0,0,0,121,24,0,14,0,0,8,75,0,0,0,0,0,0,0,0,0,0,0,0,0,0,0,0
2017-11-10T01:22:14+01:00,1457,208,410,49,132,0,64,594,1336,184,410,35,132,0,56,519,0,0,0,0,0,0,0,0,121,24,0,14,0,0,8,75,0,0,0,0,0,0,0,0,0,0,0,0,0,0,0,0
2017-11-10T00:00:32+01:00,1450,207,410,49,132,0,63,589,1329,183,410,35,132,0,55,514,0,0,0,0,0,0,0,0,121,24,0,14,0,0,8,75,0,0,0,0,0,0,0,0,0,0,0,0,0,0,0,0
